S.N,BUSINESS_DATE,SECURITY_ID,SYMBOL,SECURITY_NAME,OPEN_PRICE,HIGH_PRICE,LOW_PRICE,CLOSE_PRICE,TOTAL_TRADED_QUANTITY,TOTAL_TRADED_VALUE,PREVIOUS_DAY_CLOSE_PRICE,FIFTY_TWO_WEEKS_HIGH,FIFTY_TWO_WEEKS_LOW,LAST_UPDATED_TIME,LAST_UPDATED_PRICE,TOTAL_TRADES,AVERAGE_TRADED_PRICE,MARKET_CAPITALIZATION
1,2024-01-31,134,HBL,Himalayan Bank Limited,204.0000,205.8000,201.8000,202.5000,20790,4215610.1000,203.0000,305.0000,193.0000,2024-01-31T14:59:33.642263,202.5000,161,202.77,43854.65
2,2024-01-31,142,KBL,Kumari Bank Limited,153.8000,153.8000,150.0000,151.8000,270719,40777430.3000,152.9000,198.9000,148.2000,2024-01-31T14:59:59.083068,151.8000,699,150.62,39810.86
3,2024-01-31,145,SBL,Siddhartha Bank Limited,235.0000,240.5000,235.0000,239.0000,59498,14204266.5000,234.9000,300.7000,223.0000,2024-01-31T14:59:54.280404,239.0000,201,238.73,33675.05
4,2024-01-31,147,SHL,Soaltee Hotel Limited,463.1000,468.0000,451.2000,454.0000,94199,43407280.7000,461.2000,536.0000,215.6000,2024-01-31T14:59:58.230193,454.0000,241,460.80,42174.37
5,2024-01-31,148,TRH,Taragaon Regency Hotel Limited,824.0000,824.0000,800.1000,810.0000,9759,7878627.9000,829.0000,979.2000,436.0000,2024-01-31T14:59:59.625251,810.0000,73,807.31,15893.17
6,2024-01-31,149,OHL,Oriental Hotels Limited,783.0000,788.5000,763.0000,770.0000,5669,4414234.0000,798.9000,885.0000,499.0000,2024-01-31T14:59:56.227116,770.0000,45,778.66,8686.30
7,2024-01-31,155,STC,Salt Trading Corporation,5441.7000,5441.7000,5228.0000,5231.0000,787,4160488.4000,5335.0000,5900.0000,3590.0000,2024-01-31T14:59:59.360222,5231.0000,37,5286.51,14588.44
8,2024-01-31,163,NUBL,Nirdhan Utthan Laghubitta Bittiya Sanstha Limited,665.0000,702.0000,659.0000,659.0000,8311,5549410.2000,662.5000,1035.0000,512.1000,2024-01-31T14:59:43.547203,659.0000,102,667.71,17213.61
9,2024-01-31,164,CBBL,Chhimek Laghubitta Bittiya Sanstha Limited,869.0000,875.0000,867.0000,867.0000,7140,6200281.2000,871.0000,1238.0000,727.0000,2024-01-31T14:59:32.033669,867.0000,116,868.38,25812.08
10,2024-01-31,171,SANIMA,Sanima Bank Limited,246.0000,250.1000,245.0000,246.5000,27296,6718725.1000,247.6000,310.0000,225.5000,2024-01-31T14:59:44.569956,246.5000,205,246.14,33478.46
11,2024-01-31,172,NABBC,Narayani Development Bank Limited,409.0000,409.0000,395.0000,405.0000,4728,1886941.5000,409.0000,460.0000,342.1000,2024-01-31T14:59:47.867086,405.0000,38,399.09,1062.99
12,2024-01-31,177,RBCL,Rastriya Beema Company Limited,14000.0000,14100.0000,13920.0000,14000.0000,350,4891088.0000,13999.0000,17140.0000,12200.0000,2024-01-31T14:48:55.069586,14000.0000,20,13974.53,37329.11
13,2024-01-31,182,SPIL,Siddhartha Premier Insurance Limited,740.0000,745.0000,721.0000,722.0000,16754,12278978.6000,737.0000,837.0000,534.0000,2024-01-31T14:59:37.585417,722.0000,132,732.89,20263.29
14,2024-01-31,183,NIL,Neco Insurance Limited,831.1000,840.0000,825.0000,825.0000,8587,7114459.0000,834.0000,946.0000,706.1000,2024-01-31T14:59:31.643220,825.0000,82,828.51,16601.98
15,2024-01-31,185,SALICO,Sagarmatha Lumbini Insurance Co. Limited,710.0000,710.0000,685.1000,689.0000,4329,2992152.0000,697.2000,812.0000,551.4000,2024-01-31T14:59:35.471754,689.0000,66,691.18,18069.98
16,2024-01-31,186,IGI,IGI Prudential insurance Limited,590.0000,601.0000,564.5000,578.2000,136283,79083035.0000,585.0000,615.0000,366.2000,2024-01-31T14:59:57.876175,578.2000,526,580.28,17515.61
17,2024-01-31,192,SICL,Shikhar Insurance Co. Ltd.,743.7000,743.7000,730.0000,730.0000,11445,8391003.7000,734.1000,926.0000,682.0000,2024-01-31T14:59:59.140421,730.0000,161,733.15,19381.11
18,2024-01-31,204,GUFL,Gurkhas Finance Ltd.,555.1000,574.0000,553.0000,553.5000,17519,9772897.9000,563.6000,611.0000,454.0000,2024-01-31T14:59:42.542461,553.5000,138,557.84,4804.35
19,2024-01-31,213,BNT,Bottlers Nepal (Terai) Limited,12199.2000,12199.2000,12000.0000,12000.0000,20,241992.0000,11960.0000,16200.0000,10500.0000,2024-01-31T12:46:41.659162,12000.0000,2,12099.60,14520.00
20,2024-01-31,232,GFCL,Goodwill Finance Limited,440.0000,448.5000,436.1000,436.1000,7746,3409605.4000,445.0000,530.0000,375.0000,2024-01-31T14:59:58.087429,436.1000,53,440.17,4126.01
21,2024-01-31,236,PFL,Pokhara Finance Ltd.,365.1000,372.4000,360.6000,361.0000,7714,2820419.0000,367.9000,453.6000,320.2000,2024-01-31T14:57:54.027815,361.0000,56,365.62,3908.03
22,2024-01-31,244,SIFC,Shree Investment Finance Co. Ltd.,360.0000,360.0000,345.5000,347.1000,14216,5006678.2000,361.0000,408.0000,293.2000,2024-01-31T14:59:58.688995,347.1000,74,352.18,3407.42
23,2024-01-31,245,CFCL,Central Finance Co. Ltd.,348.0000,350.0000,335.2000,337.0000,11152,3783858.1000,342.0000,423.0000,275.5000,2024-01-31T14:58:05.388040,337.0000,81,339.29,3197.71
24,2024-01-31,250,JFL,Janaki Finance Company Limited,366.1000,373.0000,360.0000,360.0000,10674,3896844.6000,372.0000,447.0000,316.7000,2024-01-31T14:59:51.388828,360.0000,72,365.07,2485.70
25,2024-01-31,255,PRVU,Prabhu  Bank Limited,157.9000,157.9000,155.0000,155.5000,83101,12952333.4000,156.2000,206.0000,152.3000,2024-01-31T14:59:57.699551,155.5000,434,155.86,36608.57
26,2024-01-31,256,SFCL,Samriddhi Finance Company Limited,316.5000,321.0000,306.0000,309.9000,38332,11968790.0000,316.4000,355.0000,246.2000,2024-01-31T14:59:58.642948,309.9000,216,312.24,2537.81
27,2024-01-31,263,GMFIL,Guheshowori Merchant Bank & Finance Co. Ltd.,368.0000,368.0000,352.0000,353.0000,5945,2127792.8000,367.0000,427.0000,277.0000,2024-01-31T14:59:42.825954,353.0000,55,357.91,3572.98
28,2024-01-31,268,SWBBL,Swabalamban Laghubitta Bittiya Sanstha Limited,762.0000,765.0000,745.0000,754.0000,9008,6763298.2000,764.0000,1218.0000,653.7000,2024-01-31T14:59:31.747201,754.0000,52,750.81,10933.00
29,2024-01-31,131,NABIL,Nabil Bank Limited,489.0000,490.0000,484.6000,484.6000,101519,49422553.3000,487.0000,705.7000,483.2000,2024-01-31T14:59:57.698116,484.6000,862,486.83,131118.21
30,2024-01-31,132,NIMB,Nepal Investment Mega Bank Limited,173.1000,174.8000,172.0000,172.5000,71603,12389067.2000,172.9000,251.0000,168.0000,2024-01-31T14:59:54.015240,172.5000,378,173.02,58871.83
31,2024-01-31,133,SCB,Standard Chartered Bank Limited,540.0000,541.0000,537.0000,537.0000,27810,15000097.9000,540.0000,582.0000,488.0000,2024-01-31T14:58:05.578040,537.0000,139,539.37,50636.17
32,2024-01-31,135,SBI,Nepal SBI Bank Limited,300.0000,300.0000,295.1000,296.5000,13996,4147711.3000,301.1000,378.4000,282.0000,2024-01-31T14:59:29.565673,296.5000,67,296.34,31132.95
33,2024-01-31,137,EBL,Everest Bank Limited,540.0000,540.0000,530.0000,534.0000,47569,25387752.3000,540.0000,633.0000,448.0000,2024-01-31T14:59:48.082703,534.0000,239,533.70,62840.61
34,2024-01-31,139,NICA,NIC Asia Bank Ltd.,481.0000,481.9000,474.0000,475.0000,64290,30617801.9000,479.0000,852.0000,469.1000,2024-01-31T14:59:53.475356,475.0000,657,476.24,70858.44
35,2024-01-31,140,MBL,Machhapuchhre Bank Limited,188.5000,190.0000,185.7000,186.0000,116059,21708121.5000,189.3000,283.0000,179.0000,2024-01-31T14:59:55.719528,186.0000,326,187.04,21615.72
36,2024-01-31,141,LSL,Laxmi Sunrise Bank Limited,172.3000,173.4000,167.2000,168.0000,49143,8356955.3000,169.0000,208.0000,167.2000,2024-01-31T14:59:51.359010,168.0000,197,170.05,38954.42
37,2024-01-31,152,NHPC,National Hydro Power Company Limited,177.9000,180.0000,171.5000,173.0000,168748,29657728.3000,177.9000,275.0000,126.0000,2024-01-31T14:59:58.248399,173.0000,707,175.75,4266.94
38,2024-01-31,153,BPCL,Butwal Power Company Limited,320.0000,323.9000,316.0000,316.0000,22545,7186653.0000,318.9000,365.0000,292.1000,2024-01-31T14:59:35.477396,316.0000,137,318.76,10772.64
39,2024-01-31,154,CHCL,Chilime Hydropower Company Limited,498.0000,508.0000,491.0000,493.6000,24402,12112099.7000,498.0000,594.0000,446.0000,2024-01-31T14:59:56.627606,493.6000,130,496.35,39409.01
40,2024-01-31,166,DDBL,Deprosc Laghubitta Bittiya Sanstha Limited,775.0000,802.0000,775.0000,776.0000,5135,4007856.7000,788.9000,975.0000,606.7000,2024-01-31T14:57:31.768562,776.0000,79,780.49,12036.45
41,2024-01-31,176,NICL,Nepal Insurance Co. Ltd.,901.3000,917.0000,881.1000,898.0000,22066,19770932.1000,907.0000,1023.0000,468.0000,2024-01-31T14:59:59.510273,898.0000,120,895.99,14765.29
42,2024-01-31,178,NLICL,National Life Insurance Co. Ltd.,594.2000,600.0000,583.0000,585.0000,10895,6433137.6000,591.0000,692.5000,525.1000,2024-01-31T14:59:54.582123,585.0000,132,590.46,29318.25
43,2024-01-31,179,HEI,Himalayan Everest Insurance Limited,618.9000,618.9000,593.1000,593.7000,32208,19421652.1000,607.1000,705.0000,400.6000,2024-01-31T14:59:57.364655,593.7000,116,603.00,14843.44
44,2024-01-31,180,UAIL,United Ajod Insurance Limited,636.2000,639.0000,625.0000,626.5000,35216,22230336.5000,634.0000,696.0000,401.8000,2024-01-31T14:59:46.135426,626.5000,230,631.25,11932.12
45,2024-01-31,184,PRIN,Prabhu Insurance Ltd.,840.0000,840.0000,800.0000,806.0000,20332,16403610.3000,827.9000,897.0000,435.0000,2024-01-31T14:59:32.442503,806.0000,127,806.78,11091.55
46,2024-01-31,187,NLIC,Nepal Life Insurance Co. Ltd.,639.0000,639.0000,625.0000,625.0000,28535,17922452.6000,630.7000,820.0000,615.0000,2024-01-31T14:59:37.484213,625.0000,370,628.08,51299.79
47,2024-01-31,188,LICN,Life Insurance Corporation (Nepal) Limited,1401.0000,1414.0000,1396.3000,1403.5000,3705,5199177.5000,1401.3000,1800.0000,1238.0000,2024-01-31T14:59:56.716741,1403.5000,41,1403.28,37237.66
48,2024-01-31,194,NFS,Nepal Finance Ltd.,322.0000,353.0000,322.0000,329.0000,78067,26262222.5000,327.4000,390.0000,255.5000,2024-01-31T14:59:55.446469,329.0000,327,336.40,2760.13
49,2024-01-31,195,BNL,Bottlers Nepal (Balaju) Limited,6360.2000,6360.2000,6360.2000,6360.2000,10,63602.0000,6235.5000,6362.5000,2222.2000,2024-01-31T10:46:00.028488,6360.2000,1,6360.20,12395.31
50,2024-01-31,210,CIT,Citizen Investment Trust,2129.0000,2129.5000,2098.0000,2101.0000,9852,20754734.4000,2120.0000,2704.0000,1850.0000,2024-01-31T14:59:59.478434,2101.0000,247,2106.65,111641.90
51,2024-01-31,219,UNL,Unilever Nepal Limited,40100.0000,41604.6000,39975.0000,41604.6000,180,7310182.0000,39993.0000,45151.0000,18300.0000,2024-01-31T14:53:54.527206,41604.6000,18,40612.12,38305.36
52,2024-01-31,227,BFC,Best Finance Company Ltd.,335.0000,335.4000,319.0000,325.0000,10888,3562915.0000,330.0000,377.0000,284.0000,2024-01-31T14:59:44.691509,325.0000,76,327.23,2778.15
53,2024-01-31,235,HDL,Himalayan Distillery Limited,1660.0000,1668.0000,1640.0000,1644.9000,21764,35848312.7000,1651.0000,2840.7000,1540.0000,2024-01-31T14:59:57.474204,1644.9000,512,1647.13,43960.34
54,2024-01-31,238,NMB,NMB Bank Limited,198.0000,198.0000,192.2000,195.0000,69374,13422454.0000,196.0000,252.0000,192.2000,2024-01-31T14:59:15.151833,195.0000,331,193.47,35815.08
55,2024-01-31,273,ICFC,ICFC Finance Limited,477.0000,494.0000,476.1000,479.0000,12215,5875660.0000,486.0000,552.0000,391.0000,2024-01-31T14:58:40.503008,479.0000,109,481.02,5668.83
56,2024-01-31,274,EDBL,Excel Development Bank Ltd.,355.1000,357.9000,350.0000,350.0000,10088,3554993.7000,358.0000,399.7000,266.4000,2024-01-31T14:59:14.160421,350.0000,62,352.39,4373.93
57,2024-01-31,307,NTC,Nepal Doorsanchar Company Limited,900.0000,919.3000,866.0000,878.0000,22328,19637534.7000,883.7000,1000.0000,758.0000,2024-01-31T14:59:58.091225,878.0000,336,879.50,158040.00
58,2024-01-31,348,CZBIL,Citizens Bank International Limited,168.6000,171.0000,168.6000,169.0000,38397,6489158.8000,170.0000,207.8000,158.9000,2024-01-31T14:59:51.316124,169.0000,118,169.00,23999.65
59,2024-01-31,357,PCBL,Prime Commercial Bank Ltd.,203.5000,207.8000,203.5000,205.0000,101547,20808204.2000,207.4000,224.8000,176.0000,2024-01-31T14:59:58.715265,205.0000,291,204.91,39775.28
60,2024-01-31,360,AHPC,Arun Valley Hydropower Development Co. Ltd.,216.9000,219.1000,210.1000,211.2000,260919,55762479.3000,216.8000,329.0000,190.0000,2024-01-31T14:59:57.728362,211.2000,1101,213.71,7890.27
61,2024-01-31,371,MDB,Miteri Development Bank Limited,427.0000,435.4000,410.6000,415.0000,8939,3689496.8000,418.9000,449.8000,350.3000,2024-01-31T14:59:58.305609,415.0000,43,412.74,4612.42
62,2024-01-31,396,NMLBBL,Nerude Mirmire Laghubitta Bittiya Sanstha Limited,588.0000,600.0000,577.3000,584.0000,5752,3359617.6000,595.0000,809.8000,480.0000,2024-01-31T14:59:07.760392,584.0000,60,584.07,4274.88
63,2024-01-31,397,ADBL,Agricultural Development Bank Limited,245.0000,247.4000,243.2000,243.2000,16597,4046904.8000,245.5000,312.2000,224.0000,2024-01-31T14:59:37.167276,243.2000,157,243.83,32714.47
64,2024-01-31,403,SJLIC,SuryaJyoti Life Insurance Company Limited,525.0000,535.0000,511.0000,514.0000,31156,16331723.6000,525.0000,646.0000,407.1000,2024-01-31T14:59:57.321533,514.0000,370,524.19,23364.24
65,2024-01-31,417,GBBL,Garima Bikas Bank Limited,388.5000,389.0000,377.1000,377.5000,27958,10653329.7000,383.0000,432.4000,336.0000,2024-01-31T14:59:53.833618,377.5000,203,381.04,21443.95
66,2024-01-31,428,KRBL,Karnali Development Bank Limited,374.3000,374.3000,351.0000,357.0000,16172,5779808.7000,367.0000,418.0000,241.1000,2024-01-31T14:59:58.553700,357.0000,111,357.39,1892.14
67,2024-01-31,450,CORBL,Corporate Development Bank Limited,397.0000,397.0000,378.0000,379.0000,3435,1310992.7000,390.0000,427.9000,277.8000,2024-01-31T14:56:06.054688,379.0000,38,381.65,1989.75
68,2024-01-31,459,KSBBL,Kamana Sewa Bikas Bank Limited,355.0000,357.5000,342.4000,343.2000,59064,20715609.2000,352.0000,382.0000,275.0000,2024-01-31T14:59:15.147786,343.2000,217,350.73,11260.96
69,2024-01-31,472,SADBL,Shangrila Development Bank Ltd.,311.0000,311.0000,300.0000,303.0000,18793,5701996.1000,311.0000,356.9000,263.5000,2024-01-31T14:59:00.608764,303.0000,95,303.41,10395.84
70,2024-01-31,490,FMDBL,First Micro Finance Laghubitta Bittiya Sanstha Limited,630.0000,630.0000,615.0000,623.9000,9755,6043351.1000,634.0000,781.0000,497.2000,2024-01-31T14:59:47.991812,623.9000,106,619.51,7697.85
71,2024-01-31,545,SLBBL,Swarojgar Laghubitta Bittiya Sanstha Ltd.,682.0000,682.0000,645.0000,645.0000,3244,2122341.4000,670.0000,1020.0000,523.0000,2024-01-31T14:49:03.104153,645.0000,50,654.23,4045.45
72,2024-01-31,561,SINDU,Sindhu Bikash Bank Ltd,319.7000,319.7000,302.0000,304.0000,13195,4065336.9000,315.0000,348.0000,227.7000,2024-01-31T14:59:57.423349,304.0000,82,308.09,1694.67
73,2024-01-31,574,SKBBL,Sana Kisan Bikas Laghubitta Bittiya Sanstha Limited,880.2000,880.2000,855.0000,870.0000,5235,4530157.4000,863.0000,1275.0000,755.0000,2024-01-31T14:59:30.878325,870.0000,102,865.35,33115.45
74,2024-01-31,583,GBLBS,Grameen Bikas Laghubitta Bittiya Sanstha Ltd.,560.0000,560.0000,542.0000,545.0000,5636,3083937.2000,560.0000,673.0000,427.0000,2024-01-31T14:59:03.903085,545.0000,62,547.18,5354.63
75,2024-01-31,587,RLFL,Reliance Finance Ltd.,377.0000,383.0000,366.0000,370.0000,31367,11748844.5000,376.9000,422.0000,268.0000,2024-01-31T14:59:20.863589,370.0000,135,374.56,4149.37
76,2024-01-31,591,SHPC,Sanima Mai Hydropower Ltd.,365.0000,365.2000,355.0000,356.0000,72147,25849620.6000,358.1000,403.0000,282.3000,2024-01-31T14:59:57.270347,356.0000,181,358.29,12097.51
77,2024-01-31,593,KMCDB,Kalika Laghubitta Bittiya Sanstha Ltd,663.0000,663.0000,635.0000,644.0000,929,594042.9000,650.0000,1014.0000,526.0000,2024-01-31T14:56:27.411556,644.0000,33,639.44,2397.75
78,2024-01-31,618,LLBS,Laxmi Laghubitta Bittiya Sanstha Ltd.,760.0000,768.0000,752.7000,763.8000,1462,1112725.8000,753.2000,1163.8000,580.0000,2024-01-31T14:59:47.131166,763.8000,22,761.09,3373.42
79,2024-01-31,634,RBCLPO,Rastriya Beema Company Limited Promoter Share,10995.0000,11672.0000,10985.8000,10985.8000,100,1119647.0000,10802.0000,15909.9000,10045.0000,2024-01-31T14:56:48.122155,10985.8000,10,11196.47,19514.03
80,2024-01-31,682,MMFDB,Mirmire Laghubitta Bittya Sanstha Limited,575.0000,586.0000,566.0000,567.0000,5469,3133994.2000,583.0000,849.8000,481.3000,2024-01-31T14:59:50.768693,567.0000,100,573.04,3774.88
81,2024-01-31,686,BARUN,Barun Hydropower Co. Ltd.,285.0000,299.0000,276.5000,279.0000,288973,81937047.0000,288.0000,299.0000,191.1000,2024-01-31T14:59:57.056986,279.0000,689,283.54,1494.92
82,2024-01-31,687,VLBS,Vijaya laghubitta Bittiya Sanstha Ltd.,648.0000,648.0000,636.0000,636.0000,2095,1340633.0000,651.0000,967.0000,546.1000,2024-01-31T14:59:03.801804,636.0000,28,639.92,4738.46
83,2024-01-31,693,HLBSL,Himalayan Laghubitta Bittiya Sanstha Limited,622.0000,630.0000,610.0000,615.1000,2788,1716011.0000,622.0000,923.1000,519.1000,2024-01-31T14:58:00.844336,615.1000,43,615.49,1967.20
84,2024-01-31,338,PROFL,Progressive Finance Limited,325.0000,330.3000,315.0000,315.7000,17567,5630794.2000,323.1000,465.0000,269.1000,2024-01-31T14:59:42.975867,315.7000,144,320.53,2702.73
85,2024-01-31,341,GBIME,Global IME Bank Limited,195.0000,200.0000,195.0000,197.0000,99882,19626525.5000,198.5000,241.9000,176.0000,2024-01-31T14:59:52.080172,197.0000,461,196.49,71173.68
86,2024-01-31,358,LBBL,Lumbini Bikas Bank Ltd.,407.0000,410.0000,394.0000,397.9000,30628,12287637.7000,409.0000,454.0000,305.0000,2024-01-31T14:59:59.112946,397.9000,146,401.18,13998.66
87,2024-01-31,385,ALICL,Asian Life Insurance Co. Limited,700.0000,708.0000,686.0000,694.0000,61473,42799178.4000,701.0000,812.0000,517.5000,2024-01-31T14:59:56.682576,694.0000,290,696.22,21897.79
88,2024-01-31,393,HLI,Himalayan Life Insurance Limited,420.0000,424.8000,408.0000,411.5000,65020,26942364.4000,420.0000,574.0000,340.0000,2024-01-31T14:59:58.381378,411.5000,602,414.37,33003.88
89,2024-01-31,401,MLBL,Mahalaxmi Bikas Bank Ltd.,346.8000,352.0000,328.4000,329.0000,47469,15819117.1000,340.0000,379.0000,281.0000,2024-01-31T14:59:56.475113,329.0000,140,333.25,13723.64
90,2024-01-31,418,JBBL,Jyoti Bikas Bank Limited,311.9000,312.0000,300.0000,300.0000,30328,9222220.7000,307.9000,357.0000,249.1000,2024-01-31T14:59:39.702820,300.0000,177,304.08,13187.36
91,2024-01-31,469,NIMBPO,Nepal Investment Mega Bank Ltd. Promoter Share,143.0000,143.0000,141.5000,141.6000,701,100100.6000,142.8000,230.0000,105.0000,2024-01-31T14:23:14.410518,141.6000,4,142.79,25923.48
92,2024-01-31,471,MPFL,Multipurpose Finance Company  Limited,358.9000,358.9000,340.0000,343.5000,25203,8653433.5000,351.9000,430.0000,261.0000,2024-01-31T14:59:00.778391,343.5000,126,343.34,2096.04
93,2024-01-31,473,SHINE,Shine Resunga Development Bank Ltd.,399.0000,399.0000,383.1000,387.0000,66946,25955813.7000,393.0000,435.0000,300.2000,2024-01-31T14:59:49.689170,387.0000,257,387.71,18319.38
94,2024-01-31,474,MNBBL,Muktinath Bikas Bank Ltd.,372.1000,375.0000,370.9000,371.5000,19200,7140614.4000,374.0000,446.0000,362.8000,2024-01-31T14:59:47.053693,371.5000,146,371.90,26179.38
95,2024-01-31,516,MFIL,Manjushree Finance Ltd.,531.0000,531.0000,512.3000,513.0000,15719,8139868.2000,521.1000,587.0000,410.0000,2024-01-31T14:59:45.705803,513.0000,112,517.83,6933.47
96,2024-01-31,517,NBL,Nepal Bank Limited,227.3000,232.5000,227.3000,231.6000,44908,10395209.0000,231.9000,295.0000,227.3000,2024-01-31T14:59:58.081405,231.6000,262,231.47,34031.36
97,2024-01-31,559,NLG,NLG Insurance Company Ltd.,830.0000,830.0000,804.6000,815.0000,10077,8205317.4000,819.0000,940.0000,560.7000,2024-01-31T14:59:41.014749,815.0000,81,814.26,11893.10
98,2024-01-31,601,MLBBL,Mithila LaghuBitta Bittiya Sanstha Limited,782.0000,810.0000,766.5000,790.0000,704,551189.0000,796.0000,1144.0000,657.0000,2024-01-31T14:43:59.077890,790.0000,18,782.93,1548.42
99,2024-01-31,610,RIDI,Ridi Power Company Limited,293.8000,298.7000,286.2000,287.0000,252877,73645352.0000,293.8000,408.5000,176.6000,2024-01-31T14:59:58.483532,287.0000,900,291.22,4445.35
100,2024-01-31,694,MATRI,Matribhumi Lagubitta Bittiya Sanstha Limited,839.9000,840.0000,808.1000,808.1000,2310,1892084.0000,840.0000,1054.1000,539.0000,2024-01-31T14:49:31.109848,808.1000,13,819.08,4075.79
101,2024-01-31,704,NMBMF,NMB  Microfinance Bittiya Sanstha Ltd.,545.0000,549.6000,537.0000,537.0000,1051,571084.0000,545.0000,769.0000,463.6000,2024-01-31T14:50:10.967247,537.0000,20,543.37,3874.18
102,2024-01-31,705,GILB,Global IME Laghubitta Bittiya Sanstha Ltd.,898.9000,937.0000,853.8000,871.0000,4549,3953416.9000,884.0000,1195.0000,665.1000,2024-01-31T14:55:19.751046,871.0000,88,869.07,5390.62
103,2024-01-31,706,SWMF,Suryodaya Womi Laghubitta Bittiya Sanstha Limited,658.1000,670.0000,658.1000,660.0000,1634,1084509.9000,660.0000,919.0000,539.1000,2024-01-31T14:59:51.778342,660.0000,30,663.71,6011.17
104,2024-01-31,1741,MERO,Mero Microfinance Bittiya Sanstha Ltd.,579.0000,579.0000,555.0000,560.0000,9762,5518474.3000,568.0000,779.0000,463.3000,2024-01-31T14:59:58.234765,560.0000,62,565.30,7392.00
105,2024-01-31,2742,HIDCL,Hydorelectricity Investment and Development Company Ltd,194.8000,195.0000,189.0000,189.9000,128184,24513246.7000,191.5000,224.0000,154.0000,2024-01-31T14:59:54.898394,189.9000,475,191.23,43251.24
106,2024-01-31,2743,NGPL,Ngadi Group Power Ltd.,365.0000,365.0000,342.1000,342.1000,693236,242648304.3000,360.0000,365.0000,185.8000,2024-01-31T14:59:56.629681,342.1000,1836,350.02,6333.23
107,2024-01-31,2746,NMFBS,National Laghubitta Bittiya Sanstha Limited,1135.0000,1144.9000,1116.1000,1127.0000,788,887386.1000,1145.0000,2300.0000,901.0000,2024-01-31T14:59:44.885113,1127.0000,31,1126.12,12219.01
108,2024-01-31,2748,RSDC,RSDC Laghubitta Bittiya Sanstha Ltd.,571.0000,571.0000,550.0000,554.0000,1236,683736.3000,562.0000,676.0000,461.0000,2024-01-31T14:56:18.802559,554.0000,28,553.18,5231.71
109,2024-01-31,2751,KKHC,Khanikhola Hydropower Co. Ltd.,254.8000,259.8000,239.5000,241.0000,27133,6679867.0000,249.9000,283.5000,158.0000,2024-01-31T14:59:00.829713,241.0000,196,246.18,1122.37
110,2024-01-31,2759,SPDL,Synergy Power Development Ltd.,293.7000,297.0000,278.4000,281.0000,279233,80138748.2000,288.0000,349.8000,160.0000,2024-01-31T14:59:59.653650,281.0000,785,286.99,3399.71
111,2024-01-31,2760,UMHL,United Modi Hydropower Ltd.,308.0000,309.0000,288.0000,291.1000,219414,64756359.8000,303.5000,309.0000,167.0000,2024-01-31T14:59:57.970580,291.1000,730,295.13,3581.99
112,2024-01-31,695,JSLBB,Janautthan Samudayic Laghubitta Bittya Sanstha Limited,870.0000,870.0000,851.0000,851.0000,214,184681.2000,880.0000,1689.0000,785.0000,2024-01-31T14:55:32.064146,851.0000,11,862.99,1447.48
113,2024-01-31,697,API,Api Power Company Ltd.,207.5000,211.0000,203.5000,203.9000,324592,67276402.8000,207.0000,307.0000,154.7000,2024-01-31T14:59:57.359613,203.9000,1207,207.26,11798.87
114,2024-01-31,700,HEIP,Himalayan Everest Insurance Limited Promoter,370.0000,391.9000,363.0000,384.1000,997,367461.0000,363.2000,486.9000,245.5000,2024-01-31T14:59:58.078304,384.1000,7,368.56,1027.48
115,2024-01-31,2744,GRDBL,Green Development Bank Ltd.,337.0000,350.0000,334.1000,334.6000,7493,2538056.2000,343.7000,381.7000,235.5000,2024-01-31T14:51:10.199981,334.6000,52,338.72,1736.57
116,2024-01-31,2754,DHPL,Dibyashwori Hydropower Ltd.,230.3000,230.3000,215.6000,216.1000,35122,7698190.3000,225.8000,258.9000,134.0000,2024-01-31T14:59:34.385754,216.1000,191,219.18,570.50
117,2024-01-31,2757,AKPL,Arun Kabeli Power Ltd.,208.0000,209.0000,199.0000,201.0000,366139,74536948.2000,206.0000,428.0000,152.4000,2024-01-31T14:59:58.500368,201.0000,1203,203.57,7830.84
118,2024-01-31,2758,FOWAD,Forward Microfinance Laghubitta Bittiya Sanstha Limited,1144.0000,1144.0000,1087.8000,1109.9000,2475,2722286.1000,1129.7000,1944.0000,974.0000,2024-01-31T14:59:38.035483,1109.9000,64,1099.91,11715.70
119,2024-01-31,2766,CHL,Chhyangdi Hydropower Ltd.,302.0000,302.0000,280.0000,290.0000,19969,5785232.9000,298.0000,370.0000,194.1000,2024-01-31T14:59:47.721617,290.0000,116,289.71,1122.23
120,2024-01-31,2768,MSLB,Mahuli Laghubitta Bittiya Sanstha Limited,910.0000,910.0000,875.0000,895.0000,212,186668.0000,894.0000,1275.0000,658.6000,2024-01-31T14:58:09.485110,895.0000,10,880.50,2885.29
121,2024-01-31,2773,SAEF,Sanima Equity Fund,10.1400,10.1400,9.8400,9.8400,138860,1385541.0000,10.0400,12.3000,8.8500,2024-01-31T14:40:50.851633,9.8400,22,9.97,1279.20
122,2024-01-31,2780,CMF1,Citizens Mutual Fund -1,8.9200,8.9200,8.9000,8.9000,202905,1808754.5000,8.9000,9.4000,6.9600,2024-01-31T14:53:58.850033,8.9000,18,8.91,729.80
123,2024-01-31,2790,ACLBSL,Aarambha Chautari Laghubitta Bittiya Sanstha Limited,620.0000,624.9000,605.1000,605.2000,2167,1323738.7000,614.9000,830.0000,500.1000,2024-01-31T14:56:46.281356,605.2000,46,610.86,2221.95
124,2024-01-31,2792,UPPER,Upper Tamakoshi Hydropower Ltd,212.7000,222.0000,212.7000,215.0000,78593,16979309.1000,217.0000,540.6000,190.0000,2024-01-31T14:59:57.882410,215.0000,598,216.04,45537.00
125,2024-01-31,2804,SLBSL,Samudayik Laghubitta Bittiya Sanstha Limited,864.9000,864.9000,818.3000,847.7000,65,54561.8000,848.0000,1233.9000,578.2000,2024-01-31T14:56:15.314273,847.7000,7,839.41,1230.86
126,2024-01-31,2806,GHL,Ghalemdi Hydro Limited,195.8000,195.8000,185.1000,185.2000,39367,7427110.4000,192.0000,302.0000,120.0000,2024-01-31T14:59:45.691082,185.2000,239,188.66,3055.80
127,2024-01-31,2807,ALBSL,Asha Laghubitta Bittiya Sanstha Ltd,716.0000,725.0000,684.0000,700.0000,2935,2032779.3000,702.0000,1089.0000,543.0000,2024-01-31T14:58:42.688307,700.0000,84,692.59,4491.31
128,2024-01-31,2810,UPCL,UNIVERSAL POWER COMPANY LTD,251.9000,252.9000,238.0000,239.0000,275625,67422954.3000,247.0000,280.0000,168.0000,2024-01-31T14:59:57.362982,239.0000,876,244.61,5449.03
129,2024-01-31,2813,PPCL,Panchthar Power Compant Limited,280.9000,280.9000,262.4000,266.0000,39121,10507488.4000,275.4000,389.3000,196.0000,2024-01-31T14:59:50.493505,266.0000,194,268.58,2560.25
130,2024-01-31,2824,HURJA,Himalaya Urja Bikas Company Limited,310.0000,332.1000,307.0000,315.0000,196373,62266059.1000,307.0000,414.7000,205.0000,2024-01-31T14:59:59.927755,315.0000,757,317.08,3118.50
131,2024-01-31,2826,GLBSL,Gurans Laghubitta Bittiya Sanstha Limited,869.5000,869.5000,839.0000,841.0000,904,769924.5000,879.0000,964.9000,589.1000,2024-01-31T14:59:16.248741,841.0000,36,851.68,852.77
132,2024-01-31,2834,SRD80,10% Sunrise Debenture 2080,982.2000,982.2000,982.2000,982.2000,25,24555.0000,1000.0000,1040.3000,952.3000,2024-01-31T13:51:24.788317,982.2000,1,982.20,982.20
133,2024-01-31,2835,NBF2,NABIL BALANCED FUND-2,8.5500,8.5500,8.2500,8.2600,16825,139127.7500,8.4000,9.5500,7.0300,2024-01-31T14:22:44.129879,8.2600,14,8.26,925.12
134,2024-01-31,2842,SJCL,SANJEN JALAVIDHYUT COMPANY LIMITED,305.0000,311.9000,302.2000,302.2000,14570,4445563.3000,306.2000,359.0000,232.1000,2024-01-31T14:59:53.673718,302.2000,178,305.11,9927.27
135,2024-01-31,2850,NMBD2085,10 % NMB DEBENTURE 2085,999.6000,999.6000,999.6000,999.6000,100,99960.0000,980.0000,1001.0000,878.0000,2024-01-31T12:23:54.811088,999.6000,1,999.60,
136,2024-01-31,2859,SIGS2,Siddhartha Investment Growth Scheme - 2,8.2000,8.2000,8.2000,8.2000,5500,45100.0000,8.0500,9.6000,6.9200,2024-01-31T13:16:18.460407,8.2000,4,8.20,984.00
137,2024-01-31,2860,SAPDBL,Saptakoshi Development Bank Ltd,264.6000,265.3000,251.0000,258.5000,26767,6888569.8000,260.1000,291.0000,211.7000,2024-01-31T14:59:50.416355,258.5000,98,257.35,2156.77
138,2024-01-31,2862,CMF2,CITIZENS MUTUAL FUND 2,8.2100,8.2100,8.1100,8.1100,65095,533532.4500,8.0500,10.3900,6.8100,2024-01-31T14:25:35.224233,8.1100,11,8.19,454.16
139,2024-01-31,2863,NICBF,NIC Asia Balanced Fund,8.4500,8.6000,8.4500,8.6000,14922,127729.2000,8.6200,10.3100,7.9900,2024-01-31T14:17:27.958854,8.6000,5,8.55,649.30
140,2024-01-31,2761,SMATA,Samata Gharelu Laghubitta Bittiya Sanstha Limited,642.5000,642.5000,621.0000,630.0000,286,181545.0000,631.0000,863.0000,552.0000,2024-01-31T14:33:32.035888,630.0000,9,634.77,2483.18
141,2024-01-31,2765,LEMF,Laxmi Equity Fund,9.4100,9.5400,9.4100,9.5000,133769,1267662.8600,9.3700,10.0000,7.8700,2024-01-31T13:42:49.568668,9.5000,14,9.47,1187.50
142,2024-01-31,2767,HPPL,Himalayan Power Partner Ltd.,298.0000,298.0000,281.3000,286.1000,15893,4601079.7000,292.9000,360.9000,199.0000,2024-01-31T14:58:52.824420,286.1000,98,289.50,3048.16
143,2024-01-31,2769,NHDL,Nepal Hydro Developers Ltd.,466.1000,466.1000,438.3000,459.0000,57236,25749733.8000,457.0000,466.1000,303.0000,2024-01-31T14:59:55.032187,459.0000,164,449.88,1649.84
144,2024-01-31,2770,SEF,Siddhartha Equity Fund,8.2500,8.2500,7.9900,7.9900,43800,350957.2500,8.1000,9.4300,7.1600,2024-01-31T14:59:50.998973,7.9900,12,8.01,1198.50
145,2024-01-31,2771,SMB,Support Microfinance Bittiya Sanstha Ltd.,1025.0000,1034.5000,980.0000,1034.0000,916,931406.0000,1014.3000,1323.8000,812.0000,2024-01-31T14:58:32.290089,1034.0000,28,1016.81,1112.78
146,2024-01-31,2774,USLB,Unnati Sahakarya Laghubitta Bittiya Sanstha Limited,950.0000,950.0000,911.1000,935.0000,1854,1717875.6000,961.0000,1040.0000,591.1000,2024-01-31T14:59:27.894825,935.0000,70,926.57,2308.20
147,2024-01-31,2776,RADHI,Radhi Bidyut Company Ltd,292.5000,293.8000,278.5000,281.9000,216467,61733254.1000,288.2000,304.0000,200.6000,2024-01-31T14:59:59.568529,281.9000,509,285.18,4949.01
148,2024-01-31,2779,NICGF,NIC Asia Growth Fund,9.5600,9.7500,9.4300,9.4600,58072,552202.8200,9.3800,10.6200,8.3000,2024-01-31T14:39:08.236076,9.4600,17,9.50,790.10
149,2024-01-31,2781,WNLB,Wean Nepal Laghubitta Bittiya Sanstha Limited,857.0000,857.0000,825.0000,825.0000,719,599283.6000,857.0000,1050.6000,680.0000,2024-01-31T14:46:33.692553,825.0000,26,833.49,653.49
150,2024-01-31,2784,NADEP,Nadep Laghubittiya bittya Sanstha Ltd.,560.0000,565.0000,545.0000,552.0000,1769,978446.7000,560.0000,793.0000,455.0000,2024-01-31T14:59:41.950974,552.0000,47,553.10,2681.40
151,2024-01-31,2786,PMHPL,Panchakanya Mai Hydropower Ltd,270.5000,272.0000,255.0000,256.7000,28914,7599135.6000,265.2000,286.7000,151.5000,2024-01-31T14:59:56.515648,256.7000,147,262.81,2823.70
152,2024-01-31,2787,KPCL,Kalika power Company Ltd,448.0000,466.0000,441.0000,452.0000,43673,19650279.0000,457.0000,476.0000,272.4000,2024-01-31T14:59:59.704687,452.0000,109,449.94,3945.28
153,2024-01-31,2788,AKJCL,Ankhu Khola Jalvidhyut Company Ltd,243.4000,243.4000,229.0000,230.0000,109879,25950694.8000,238.7000,262.0000,141.3000,2024-01-31T14:59:56.735006,230.0000,526,236.17,1840.00
154,2024-01-31,2789,JOSHI,Joshi Hydropower Development Company Ltd,264.0000,269.0000,255.0000,255.5000,38439,10075084.3000,264.0000,318.0000,182.1000,2024-01-31T14:59:57.544161,255.5000,139,262.10,948.93
155,2024-01-31,2809,SHIVM,SHIVAM CEMENTS LTD,520.0000,522.0000,507.0000,508.5000,150850,77411437.9000,517.0000,680.0000,389.8000,2024-01-31T14:59:59.095974,508.5000,615,513.16,25562.29
156,2024-01-31,2811,MHNL,Mountain Hydro Nepal Limited,293.0000,309.0000,275.1000,280.0000,105620,29566615.1000,288.0000,355.0000,169.0000,2024-01-31T14:59:57.385234,280.0000,326,279.93,3500.00
157,2024-01-31,2815,GMFBS,Ganapati Laghubitta Bittiya Sanstha Limited,879.1000,879.1000,861.6000,861.6000,200,174070.0000,897.0000,922.0000,641.0000,2024-01-31T14:43:17.354882,861.6000,3,870.35,1305.79
158,2024-01-31,2829,SMFBS,Swabhimaan Laghubitta Bittiya Sanstha Limited,916.3000,916.3000,881.0000,881.0000,967,860479.2000,935.0000,1535.0000,717.4000,2024-01-31T14:57:58.101937,881.0000,22,889.84,1287.48
159,2024-01-31,2831,UNHPL,Union Hydropower Limited,264.1000,264.1000,245.1000,249.0000,179002,44997503.5000,259.0000,265.2000,156.0000,2024-01-31T14:59:57.211536,249.0000,699,251.37,1867.50
160,2024-01-31,2832,ILBS,Infinity Laghubitta Bittiya Sanstha Limited,746.0000,746.0000,706.3000,723.0000,1599,1148232.7000,732.0000,1030.0000,537.0000,2024-01-31T14:58:48.690925,723.0000,60,718.09,3596.32
161,2024-01-31,2841,RHPL,RASUWAGADHI HYDROPOWER COMPANY LIMITED,307.0000,313.0000,301.0000,302.0000,41725,12720981.1000,307.0000,371.0000,239.0000,2024-01-31T14:59:40.728285,302.0000,270,304.87,18596.83
162,2024-01-31,2843,SABSL,Sabaiko Laghubitta Bittiya Sanstha Limited,656.8000,656.8000,620.0000,625.1000,780,490632.1000,644.0000,1007.0000,522.6000,2024-01-31T14:59:47.575863,625.1000,34,629.01,1991.57
163,2024-01-31,2866,MBLD2085,10.25% Machhapuchhre Bank Debenture 2085,991.1000,991.1000,991.1000,991.1000,25,24777.5000,1009.6000,1116.0000,900.1000,2024-01-31T13:18:45.250861,991.1000,1,991.10,
164,2024-01-31,2873,HBLD83,10% Himalayan Bank Debenture 2083,971.0000,971.0000,971.0000,971.0000,25,24275.0000,985.0000,1083.0000,971.0000,2024-01-31T13:52:00.359849,971.0000,1,971.00,
165,2024-01-31,2880,HDHPC,Himal Dolakha Hydropower Company Limited,155.0000,155.4000,150.1000,151.0000,285546,43402315.7000,153.5000,255.9000,116.0000,2024-01-31T14:59:56.613626,151.0000,788,151.99,4228.00
166,2024-01-31,2882,ICFCD83,12% ICFC Finance Limited Debenture 2083,1080.0000,1080.0000,1070.0000,1070.0000,275,296250.0000,1080.0000,1186.0000,990.0000,2024-01-31T13:53:29.147424,1070.0000,2,1077.27,
167,2024-01-31,2883,GWFD83,12 % Goodwill Finance Limited Debenture 2083,1081.0000,1081.0000,1080.0000,1080.0000,1190,1286190.0000,1096.5000,1147.5000,999.8000,2024-01-31T13:28:45.407093,1080.0000,4,1080.83,
168,2024-01-31,2867,NMB50,NMB 50,9.4200,9.5800,9.4100,9.5800,5730,54062.4000,9.4200,11.5000,8.6600,2024-01-31T14:29:52.803203,9.5800,4,9.43,1197.50
169,2024-01-31,2877,SFMF,Sunrise First Mutual Fund,9.9000,9.9000,9.9000,9.9000,2354,23304.6000,9.9000,11.6700,8.8000,2024-01-31T13:09:27.502609,9.9000,2,9.90,851.40
170,2024-01-31,2878,SRBLD83,10.25% Sunrise Bank Debenture 2083,980.0000,980.0000,938.0000,965.2000,1633,1575572.3000,989.0000,1070.0000,857.0000,2024-01-31T14:46:08.428174,965.2000,36,964.83,
171,2024-01-31,2881,NRIC,Nepal Reinsurance Company Limited,826.0000,849.0000,800.2000,816.1000,239643,198948160.5000,826.0000,885.0000,585.0000,2024-01-31T14:59:59.391153,816.1000,1525,830.18,104571.33
172,2024-01-31,2898,NRN,NRN Infrastructure and Development Limited,600.0000,628.9000,595.1000,613.0000,422853,260172364.4000,592.0000,641.0000,280.6000,2024-01-31T14:59:58.315125,613.0000,1644,615.27,7498.29
173,2024-01-31,2903,LEC,Liberty Energy Company Limited,225.0000,228.2000,212.8000,215.0000,183725,39992170.0000,223.9000,303.0000,138.0000,2024-01-31T14:59:42.541267,215.0000,642,217.67,3225.00
174,2024-01-31,2904,PBLD84,10% Prabhu Bank Debenture 2084 ,983.2000,983.2000,983.2000,983.2000,10,9832.0000,964.0000,1090.8000,851.0000,2024-01-31T14:59:11.839651,983.2000,1,983.20,
175,2024-01-31,2907,SSHL,Shiva Shree Hydropower Ltd,195.6000,195.6000,182.5000,184.5000,139112,26143399.8000,191.8000,272.8000,133.0000,2024-01-31T14:59:17.270730,184.5000,516,187.93,2723.96
176,2024-01-31,2908,SGIC,Sanima GIC Insurance Limited,534.0000,538.0000,523.5000,530.0000,55161,29236848.8000,534.0000,710.9000,412.2000,2024-01-31T14:59:59.925997,530.0000,347,530.02,10600.00
177,2024-01-31,2913,MEN,Mountain Energy Nepal Limited,631.0000,636.0000,621.3000,623.0000,37823,23795534.1000,634.5000,1092.0000,429.9000,2024-01-31T14:59:52.336237,623.0000,295,629.12,12260.81
178,2024-01-31,2914,UMRH,United IDI Mardi RB Hydropower Limited.,414.9000,415.9000,393.0000,398.9000,95425,38557186.2000,408.0000,583.5000,261.3000,2024-01-31T14:59:52.245386,398.9000,332,404.05,1675.38
179,2024-01-31,2915,PMLI,Prabhu Mahalaxmi Life Insurance Limited,550.0000,554.0000,531.0000,538.0000,11111,6029756.0000,554.0000,660.0000,372.0000,2024-01-31T14:59:59.050232,538.0000,271,542.68,23112.48
180,2024-01-31,2924,GLH,GreenLife Hydropower Limited,277.0000,278.4000,258.1000,262.0000,32831,8725009.9000,273.0000,350.0000,194.6000,2024-01-31T14:59:59.266472,262.0000,290,265.75,4716.00
181,2024-01-31,2933,KEF,Kumari Equity Fund,8.1500,8.4000,8.1500,8.3900,7250,60030.0000,8.2800,10.3500,6.9100,2024-01-31T14:59:24.152197,8.3900,31,8.28,839.00
182,2024-01-31,2935,RURU,Ru Ru Jalbidhyut Pariyojana Limited,715.1000,723.9000,712.0000,723.9000,1419,1014162.7000,726.0000,842.0000,674.3000,2024-01-31T14:58:01.186544,723.9000,26,714.70,3571.17
183,2024-01-31,2936,NCCD86,9.5% NCC Debenture 2086,900.0000,909.9000,900.0000,909.9000,45,40698.0000,900.0000,1084.0000,823.2000,2024-01-31T11:41:02.555534,909.9000,2,904.40,
184,2024-01-31,2937,SBCF,Sunrise Bluechip Fund,7.8000,7.9600,7.7400,7.8100,23350,185371.0000,7.9500,9.6800,6.9000,2024-01-31T14:58:27.600641,7.8100,20,7.93,976.25
185,2024-01-31,4955,MKLB,Manakamana Smart Laghubitta Bittiya Sanstha Limited,700.0000,714.0000,695.8000,695.8000,1224,861224.9000,702.0000,892.3000,526.2000,2024-01-31T14:59:12.046624,695.8000,46,703.61,1033.11
186,2024-01-31,4967,NICSF,NIC Asia Select Fund 30,8.8300,9.1800,8.8300,8.9200,69960,623129.2000,9.0000,9.4900,7.4000,2024-01-31T14:28:06.447797,8.9200,13,8.90,1115.00
187,2024-01-31,5982,SRLI,Sanima Reliance Life Insurance Limited,453.0000,467.0000,453.0000,454.0000,30449,14005794.7000,462.0000,619.9000,388.1000,2024-01-31T14:59:46.773847,454.0000,449,459.97,18995.36
188,2024-01-31,8005,MKJC,Mailung Khola Jal Vidhyut Company Limited,483.0000,483.1000,461.7000,465.9000,5986,2812893.5000,482.0000,511.9000,293.2000,2024-01-31T14:55:21.621543,465.9000,83,469.91,1715.18
189,2024-01-31,8020,JBBD87,Jyoti Bikash Bank Bond 2087,830.0000,835.0000,830.0000,835.0000,300,250000.0000,835.0000,1000.0000,805.0000,2024-01-31T14:15:00.603205,835.0000,3,833.33,
190,2024-01-31,8023,MMF1,Mega Mutual Fund -1,7.4500,7.7000,7.1900,7.2100,96938,722821.7000,7.6000,8.2900,6.6500,2024-01-31T14:47:07.015939,7.2100,80,7.45,901.25
191,2024-01-31,8024,NBF3,Nabil Balanced Fund-3,7.2700,7.5000,7.2700,7.4000,19256,142727.4000,7.4000,8.1000,6.7400,2024-01-31T14:58:23.017566,7.4000,44,7.41,925.00
192,2024-01-31,8025,SPC,Samling Power Company Limited,627.0000,690.0000,600.0000,690.0000,29013,18026548.9000,628.0000,690.0000,307.8000,2024-01-31T14:59:57.870534,690.0000,309,621.32,3450.00
193,2024-01-31,8027,NBLD85,Nabil Debenture 2085,840.0000,840.0000,840.0000,840.0000,70,58800.0000,840.0000,899.0000,730.1000,2024-01-31T14:59:13.775278,840.0000,3,840.00,
194,2024-01-31,8031,MBJC,Madhya Bhotekoshi Jalavidyut Company Limited,325.5000,332.0000,318.9000,320.0000,70081,22805547.2000,325.5000,376.3000,246.0000,2024-01-31T14:59:53.394503,320.0000,714,325.41,19200.00
195,2024-01-31,8034,ENL,Emerging Nepal Limited,820.0000,835.0000,818.0000,828.0000,3155,2585076.0000,835.0000,1060.0000,572.0000,2024-01-31T14:55:11.842091,828.0000,51,819.35,4600.37
196,2024-01-31,2885,KBLD86,10.25% KBL Debenture 2086,994.0000,994.0000,993.0000,993.0000,600,596150.0000,993.4000,1106.5000,837.1000,2024-01-31T14:28:07.729456,993.0000,3,993.58,
197,2024-01-31,2886,ADBLD83,10.35% Agricultural Bank Debenture 2083,1004.0000,1005.0000,995.0000,996.0000,180,179700.0000,1008.0000,1144.0000,865.1000,2024-01-31T14:54:14.363456,996.0000,4,998.33,
198,2024-01-31,2887,NICLBSL,NIC ASIA Laghubitta Bittiya Sanstha Limited,620.0000,624.0000,607.8000,610.0000,11267,6945805.2000,620.0000,788.7000,516.0000,2024-01-31T14:59:00.397579,610.0000,140,616.47,10610.58
199,2024-01-31,2889,CIZBD86,10.25% Citizens Bank Debenture 2086,999.9000,999.9000,999.9000,999.9000,25,24997.5000,995.0000,1040.0000,950.0000,2024-01-31T11:40:36.568795,999.9000,1,999.90,
200,2024-01-31,2890,SBIBD86,10% Nepal SBI Bank Debenture 2086,999.9000,1000.0000,999.9000,1000.0000,100,99997.5000,998.3000,1000.0000,825.0000,2024-01-31T14:51:37.235714,1000.0000,3,999.97,
201,2024-01-31,2896,SMPDA,Sampada Laghubitta Bittiya Sanstha Limited,636.1000,640.9000,625.1000,640.9000,798,502855.5000,647.9000,924.9000,519.2000,2024-01-31T14:59:26.058494,640.9000,27,630.14,2449.89
202,2024-01-31,2902,LUK,Laxmi Unnati Kosh,8.2300,8.3000,8.2100,8.3000,1200,9876.0000,8.3400,9.6100,7.4900,2024-01-31T14:59:22.995725,8.3000,5,8.23,541.68
203,2024-01-31,2917,CGH,Chandragiri Hills Limited,1019.0000,1035.0000,960.0000,960.0000,44614,43942113.1000,1005.5000,1520.0000,796.2000,2024-01-31T14:59:53.623615,960.0000,626,984.93,14727.27
204,2024-01-31,2919,NIFRA,Nepal Infrastructure Bank Limited,228.9000,237.9000,226.5000,227.0000,332401,77286097.2000,233.3000,253.0000,180.2000,2024-01-31T14:59:54.801166,227.0000,1177,232.50,49032.00
205,2024-01-31,2923,SLCF,Sanima Large Cap Fund,8.0300,8.0300,7.9300,8.0000,3000,23917.0000,8.0500,9.0100,6.8700,2024-01-31T14:45:31.348359,8.0000,11,7.97,960.00
206,2024-01-31,2925,MLBSL,Mahila Lagubitta Bittiya Sanstha Limited ,1780.0000,1790.0000,1718.0000,1761.0000,1285,2235089.0000,1780.0000,4233.0000,1535.0000,2024-01-31T14:59:11.302935,1761.0000,57,1739.36,3831.28
207,2024-01-31,2931,NIBD84,8.5% Nepal Investment Bank Debenture 2084,865.0000,865.0000,865.0000,865.0000,100,86500.0000,865.0000,879.0000,753.4000,2024-01-31T12:06:39.302099,865.0000,1,865.00,
208,2024-01-31,2934,SHEL,Singati Hydro Energy Limited,268.0000,275.0000,260.0000,260.0000,47981,12949731.6000,263.0000,358.2000,193.2000,2024-01-31T14:59:50.578811,260.0000,512,269.89,7540.00
209,2024-01-31,3946,CHDC,CEDB Hydropower Development Company Limited,998.0000,1000.0000,970.0000,988.0000,8916,8781684.5000,1000.0000,1217.2000,681.2000,2024-01-31T14:59:49.827972,988.0000,199,984.93,8293.37
210,2024-01-31,4947,PSF,Prabhu Select Fund,8.5100,8.6200,8.5100,8.6200,51450,442516.0000,8.6700,9.7900,7.1500,2024-01-31T14:55:05.806717,8.6200,30,8.60,1077.50
211,2024-01-31,4949,NIBSF2,NIBL Samriddhi Fund -2,7.2500,7.2600,7.2500,7.2500,28600,207524.7500,7.3500,9.4900,6.6000,2024-01-31T14:48:29.355875,7.2500,19,7.25,1087.50
212,2024-01-31,4951,JBLB,Jeevan Bikas Laghubitta  Bittya Sanstha Ltd,1350.0000,1355.0000,1330.0000,1339.9000,2146,2865424.6000,1348.0000,2860.0000,1215.0000,2024-01-31T14:59:56.066299,1339.9000,101,1335.23,18055.41
213,2024-01-31,4959,NBLD87,8.5% Nepal Bank Debenture 2087,830.0000,830.0000,830.0000,830.0000,25,20750.0000,835.1000,872.1000,717.1000,2024-01-31T14:49:52.794302,830.0000,1,830.00,
214,2024-01-31,4965,SAMAJ,Samaj Laghubittya Bittiya Sanstha Limited,528.2000,549.4000,528.2000,549.4000,47,25536.1000,528.2000,549.4000,64.8000,2024-01-31T14:54:00.196508,549.4000,6,543.32,125.54
215,2024-01-31,4968,RMF1,RBB Mutual Fund 1,7.9800,8.1600,7.9800,8.1600,235076,1898914.6000,7.9600,8.5000,6.8200,2024-01-31T14:49:07.173389,8.1600,20,8.07,1020.00
216,2024-01-31,6984,PBD85,8.75 % Prime Debenture 2085,851.0000,851.0000,851.0000,851.0000,10,8510.0000,851.0000,877.0000,759.0000,2024-01-31T14:55:50.448397,851.0000,1,851.00,
217,2024-01-31,6985,SDBD87,Shangri-la Development Bank Debenture 2087,845.0000,850.0000,845.0000,850.0000,55,46600.0000,853.7000,910.0000,745.0000,2024-01-31T14:59:14.816492,850.0000,2,847.27,
218,2024-01-31,8004,GBILD86/87,Global IME Bank Limited Debenture 2086/87,835.6000,835.6000,835.6000,835.6000,35,29246.0000,819.3000,893.0000,730.0000,2024-01-31T14:48:04.125129,835.6000,1,835.60,
219,2024-01-31,8018,MLBS,Manushi Laghubitta Bittiya Sanstha Limited,726.0000,726.0000,701.3000,720.0000,1520,1077185.2000,712.0000,1040.0000,570.1000,2024-01-31T14:59:55.671617,720.0000,43,708.67,787.50
220,2024-01-31,8021,SAHAS,Sahas Urja Limited,556.0000,576.0000,556.0000,563.1000,31592,17859530.9000,566.1000,610.0000,402.8000,2024-01-31T14:59:56.516491,563.1000,487,565.31,19708.50
221,2024-01-31,8022,TPC,Terhathum Power Company Limited,588.0000,588.0000,555.0000,565.0000,13371,7514969.2000,578.9000,723.0000,301.2000,2024-01-31T14:59:56.984632,565.0000,161,562.03,2260.00
222,2024-01-31,8026,NYADI,Nyadi Hydropower Limited,285.0000,293.7000,280.0000,282.1000,9500,2700831.4000,288.0000,372.3000,176.4000,2024-01-31T14:59:59.863663,282.1000,164,284.29,4231.50
223,2024-01-31,8032,BNHC,Buddha Bhumi Nepal Hydropower Company Limited,410.0000,422.2000,393.0000,399.0000,6708,2720550.9000,414.0000,461.0000,270.1000,2024-01-31T14:59:20.111880,399.0000,184,405.56,1596.00
224,2024-01-31,8044,EBLD86,Everest Bank Limited,835.0000,835.1000,835.0000,835.0000,75,62627.0000,836.4000,874.0000,730.0000,2024-01-31T14:52:09.475810,835.1000,4,835.02,
225,2024-01-31,8055,BHL,Balephi Hydropower Limited,320.0000,325.5000,306.0000,309.0000,13197,4148359.2000,320.0000,394.7000,192.7000,2024-01-31T14:59:59.388048,309.0000,215,314.34,5648.43
226,2024-01-31,8063,ULBSL,Upakar Laghubitta Bittiya Sanstha Limited,1123.0000,1155.0000,1120.0000,1133.0000,381,431506.6000,1145.9000,3859.0000,944.8000,2024-01-31T14:59:58.752448,1133.0000,26,1132.56,1202.66
227,2024-01-31,8066,RFPL,River Falls Power Limited,320.0000,349.0000,313.3000,319.9000,147824,47108489.9000,319.8000,349.0000,193.8000,2024-01-31T14:59:59.053640,319.9000,650,318.67,2239.30
228,2024-01-31,8075,BHDC,Bindhyabasini Hydropower Development Company Limited,475.3000,486.0000,466.0000,482.0000,8678,4158578.7000,483.0000,514.2000,286.5000,2024-01-31T14:58:03.348787,482.0000,152,479.20,5061.00
229,2024-01-31,8097,PBD88,10% Prime Debenture 2088,990.0000,1000.0000,990.0000,1000.0000,600,595568.5000,972.0000,1013.0000,790.1000,2024-01-31T14:51:17.039898,1000.0000,15,992.61,
230,2024-01-31,8104,USHEC,Upper Solu Hydro Electric Company Limited,383.0000,385.0000,363.6000,366.0000,40061,14861282.2000,377.0000,396.0000,208.2000,2024-01-31T14:59:55.232526,366.0000,343,370.96,4941.00
231,2024-01-31,8108,RHGCL,Rapti Hydro And General Construction Limited,290.0000,296.7000,281.0000,283.0000,43613,12626432.9000,292.0000,406.0000,184.5000,2024-01-31T14:59:55.193339,283.0000,327,289.51,1734.21
232,2024-01-31,8121,SPHL,Sayapatri Hydropower Limited,481.8000,491.5000,463.5000,468.1000,5806,2749400.7000,481.9000,598.0000,294.0000,2024-01-31T14:59:34.546575,468.1000,107,473.54,1404.30
233,2024-01-31,8126,SIKLES,Sikles Hydropower Limited,529.0000,530.0000,511.0000,517.0000,17972,9274126.0000,521.0000,531.0000,315.0000,2024-01-31T14:59:47.148376,517.0000,150,516.03,4394.50
234,2024-01-31,8132,SHLB,Shrijanshil Laghubitta Bittiya Sanstha Limited,943.9000,962.0000,932.0000,958.0000,1800,1697584.0000,963.0000,2330.0000,778.0000,2024-01-31T14:59:59.237920,958.0000,58,943.10,1047.81
235,2024-01-31,8133,PHCL,Peoples Hydropower Company Limited,333.0000,357.0000,330.0000,344.1000,199276,67237196.6000,328.0000,405.0000,216.0000,2024-01-31T14:59:54.416533,344.1000,1303,337.40,11011.20
236,2024-01-31,9139,SAGF,Sanima Growth Fund,8.9100,9.0500,8.9000,8.9100,5450,48662.5000,8.8900,10.0000,7.2000,2024-01-31T14:52:01.496536,8.9100,23,8.92,599.23
237,2024-01-31,9146,SMHL,Super Madi Hydropower Limited,466.6000,489.8000,466.6000,474.0000,73003,35087441.6000,473.0000,506.0000,299.0000,2024-01-31T14:59:56.626200,474.0000,503,480.63,9954.00
238,2024-01-31,9147,SPL,Shuvam Power Limited,739.5000,739.5000,695.0000,699.0000,4050,2884777.5000,725.0000,1073.3000,265.0000,2024-01-31T14:59:49.492832,699.0000,102,712.29,1398.00
239,2024-01-31,9148,SMH,Super Mai Hydropower Limited,610.5000,636.0000,597.0000,611.0000,12089,7497123.0000,622.6000,650.0000,391.0000,2024-01-31T14:59:49.406005,611.0000,136,620.16,3055.00
240,2024-01-31,9149,MKHC,Maya Khola Hydropower Company Limited,287.8000,293.8000,275.0000,277.0000,33138,9409450.0000,287.8000,367.5000,174.4000,2024-01-31T14:59:48.202741,277.0000,329,283.94,2770.00
241,2024-01-31,9156,TAMOR,Sanima Middle Tamor Hydropower Limited,413.0000,422.0000,400.1000,403.1000,44352,18181334.9000,414.0000,454.0000,230.1000,2024-01-31T14:59:53.114742,403.1000,667,409.93,13433.31
242,2024-01-31,9159,SMJC,Sagarmatha Jalabidhyut Company Limited,379.4000,388.6000,370.0000,376.0000,180392,68357400.9000,372.0000,403.0000,215.0000,2024-01-31T14:59:58.685486,376.0000,1032,378.93,4211.20
243,2024-01-31,9161,ANLB,Aatmanirbhar Laghubitta Bittiya Sanstha Limited,1833.0000,1910.0000,1810.0000,1860.0000,1212,2284071.0000,1870.0000,2651.0000,403.8000,2024-01-31T14:38:51.917284,1860.0000,56,1884.54,1275.44
244,2024-01-31,9163,BPW,BPW Laghubitta Bittiya Sanstha Limited,1434.1000,1434.1000,1406.0000,1406.0000,727,1024427.0000,1406.0000,1718.0000,233.1000,2024-01-31T14:58:45.303699,1406.0000,28,1409.11,421.80
245,2024-01-31,9167,MKHL,Mai Khola Hydropower Limited,376.0000,376.0000,356.1000,360.9000,29597,10729308.7000,369.0000,395.0000,224.0000,2024-01-31T14:59:46.496683,360.9000,303,362.51,1415.29
246,2024-01-31,9170,DOLTI,Dolti Power Company Limited,342.1000,361.0000,337.0000,338.0000,30363,10510978.1000,349.0000,381.4000,177.4000,2024-01-31T14:59:57.127340,338.0000,311,346.17,1813.32
247,2024-01-31,9176,IHL,Ingwa Hydropower Limited,331.0000,343.1000,324.0000,332.0000,51603,17307166.3000,329.9000,353.0000,200.2000,2024-01-31T14:59:33.780197,332.0000,445,335.39,1992.00
248,2024-01-31,9179,MEL,Modi Energy Limited,236.5000,241.5000,229.5000,231.0000,64527,15163631.9000,238.5000,275.4000,149.0000,2024-01-31T14:59:58.244558,231.0000,905,234.99,6699.00
249,2024-01-31,9183,NRM,Nepal Republic Media Limited,400.0000,406.0000,384.3000,389.0000,97145,38138298.0000,400.8000,492.5000,205.9000,2024-01-31T14:59:58.486904,389.0000,905,392.59,3763.57
250,2024-01-31,9194,TSHL,Three Star Hydropower Limited,557.0000,574.5000,550.0000,554.0000,15734,8822365.0000,568.0000,655.0000,227.7000,2024-01-31T14:59:58.232427,554.0000,233,560.71,2728.45
251,2024-01-31,9198,LVF2,Laxmi Value Fund 2,7.9400,8.1500,7.9400,8.0500,2300,18469.0000,8.1000,10.0000,7.0900,2024-01-31T14:59:14.163348,8.0500,19,8.03,644.00
252,2024-01-31,8033,GBBD85,Garima Debenture", 2085,858.0000,880.0000,856.0000,880.0000,205,178358.3000,870.0000,1000.0000,744.1000,2024-01-31T14:54:25.654519,880.0000,8,870.04,
253,2024-01-31,8038,JALPA,Jalpa Samudayik Laghubitta Bittiya Sanstha Limited,1147.0000,1165.0000,1126.3000,1152.0000,2383,2717385.9000,1170.0000,3410.0000,920.0000,2024-01-31T14:59:59.776165,1152.0000,99,1140.32,2105.86
254,2024-01-31,8041,NESDO,NESDO Sambridha Laghubitta Bittiya Sanstha Limited,1650.0000,1679.0000,1631.0000,1631.0000,2367,3925977.0000,1657.0000,3418.0000,1418.0000,2024-01-31T14:56:43.317928,1631.0000,59,1658.62,4159.05
255,2024-01-31,8043,CBLD88,Civil Bank Debenture 2088,972.0000,989.0000,972.0000,989.0000,240,236562.5000,991.0000,1024.0000,813.0000,2024-01-31T14:40:23.158470,989.0000,4,985.67,
256,2024-01-31,8045,GVL,Green Ventures Limited,448.0000,481.6000,448.0000,454.0000,17672,8095830.1000,454.0000,499.5000,299.9000,2024-01-31T14:59:57.381790,454.0000,310,458.11,14187.50
257,2024-01-31,8065,CYCL,CYC Nepal Laghubitta Bittiya Sanstha Limited,1128.0000,1170.0000,1120.0000,1125.0000,4792,5441275.6000,1151.0000,1910.0000,882.0000,2024-01-31T14:59:40.892504,1125.0000,156,1135.49,2997.27
258,2024-01-31,8068,CCBD88,Century Debenture 2088,967.4000,981.0000,967.4000,980.0000,95,93028.5000,967.4000,1022.9000,816.0000,2024-01-31T14:04:52.038085,980.0000,6,979.24,
259,2024-01-31,8070,DORDI,Dordi Khola Jal Bidyut Company Limited,392.1000,407.0000,388.2000,396.9000,37403,14780878.4000,400.1000,442.0000,191.6000,2024-01-31T14:59:58.159297,396.9000,395,395.17,4184.36
260,2024-01-31,8073,NICFC,NIC Asia Flexi CAP Fund,8.7300,8.8000,8.5800,8.8000,4600,40152.0000,8.9000,10.1700,7.4500,2024-01-31T14:58:27.325460,8.8000,38,8.72,89.76
261,2024-01-31,8074,KDBY,Kumari Dhanabriddhi Yojana,8.9100,9.0200,8.7600,8.8700,46550,417165.5000,9.0900,10.0700,7.2400,2024-01-31T14:54:00.898132,8.8700,81,8.96,35.48
262,2024-01-31,8076,HHL,Himalayan Hydropower Limited,344.5000,349.8000,323.6000,327.0000,38053,12783886.0000,343.0000,387.0000,170.3000,2024-01-31T14:59:49.618576,327.0000,378,335.94,3580.65
263,2024-01-31,8099,UHEWA,Upper Hewakhola Hydropower Company Limited,356.0000,360.5000,340.0000,345.9000,10950,3812749.5000,356.0000,479.4000,250.8000,2024-01-31T14:59:58.603450,345.9000,163,348.19,1729.50
264,2024-01-31,8100,SGHC,Swet-Ganga Hydropower & Construction Limited ,331.0000,335.0000,323.5000,323.5000,14800,4834154.7000,331.0000,410.0000,205.1000,2024-01-31T14:58:41.517982,323.5000,219,326.63,5153.35
265,2024-01-31,8102,MHL,Mandakini Hydropower Limited,420.0000,465.0000,420.0000,465.0000,125529,56299437.9000,424.0000,478.0000,242.1000,2024-01-31T14:59:57.792524,465.0000,883,448.49,2864.25
266,2024-01-31,8106,GIBF1,Global IME Balanced Fund-1,8.2400,8.5800,8.1500,8.5800,93900,795908.0000,8.4000,9.7000,7.2000,2024-01-31T14:59:50.305145,8.5800,37,8.47,880.11
267,2024-01-31,8110,SBID83,10.25% Nepal SBI Bank Debenture 2083,981.0000,981.0000,980.0000,978.0000,1075,1054540.0000,1000.0000,1038.0000,851.0000,2024-01-31T13:44:48.922969,980.0000,4,980.96,
268,2024-01-31,8111,HIDCLP,Hydorelectricity Investment and Development Company Limited Promoter,104.0000,104.0000,101.0000,101.5000,51544,5255119.4000,102.5000,118.0000,96.6000,2024-01-31T14:59:43.131278,101.5000,96,101.95,10.15
269,2024-01-31,8117,AVYAN,Aviyan Laghubitta Bittiya Sanstha Limited,612.0000,616.0000,604.0000,606.0000,3325,2026622.1000,614.0000,807.8000,549.0000,2024-01-31T14:59:44.094103,606.0000,121,609.51,1515.00
270,2024-01-31,8122,PPL,People's Power Limited,326.0000,351.0000,318.7000,351.0000,70874,23094256.8000,326.0000,362.1000,198.1000,2024-01-31T14:59:58.913956,351.0000,465,325.84,2220.43
271,2024-01-31,8123,DLBS,Dhaulagiri Laghubitta Bittiya Sanstha Limited,808.0000,808.1000,790.0000,791.0000,2351,1877606.0000,819.0000,1350.0000,579.0000,2024-01-31T14:59:56.723247,791.0000,61,798.64,1052.82
272,2024-01-31,8125,NSIF2,NMB Sulav Investment Fund - 2,9.1000,9.1500,9.1000,9.1500,900,8210.0000,9.2800,10.0000,7.3100,2024-01-31T14:34:23.519118,9.1500,8,9.12,1117.21
273,2024-01-31,8127,KBLD89,11% KBL Debenture 2089,1025.0000,1025.0000,1025.0000,1025.0000,100,102500.0000,1045.1000,1098.0000,1000.0000,2024-01-31T13:09:23.589202,1025.0000,2,1025.00,
274,2024-01-31,8131,EHPL,Eastern Hydropower Limited,440.2000,455.0000,428.0000,430.0000,15281,6658604.6000,449.0000,508.0000,273.0000,2024-01-31T14:59:56.230617,430.0000,149,435.74,2666.00
275,2024-01-31,9135,BHPL,Barahi Hydropower Public Limited,481.0000,500.0000,475.0000,484.0000,6650,3219274.5000,490.0000,677.2000,304.1000,2024-01-31T14:59:37.807302,484.0000,119,484.10,1210.00
276,2024-01-31,9138,NIBLGF,NIBL Growth Fund,8.1700,8.3100,8.1500,8.3100,7400,60452.5000,8.3100,10.6400,7.1900,2024-01-31T14:48:37.730985,8.3100,13,8.16,1096.92
277,2024-01-31,9140,UNLB,Unique Nepal Laghubitta Bittiya Sanstha Limited,1119.0000,1132.0000,1097.6000,1101.0000,1685,1872276.1000,1120.0000,2135.1000,922.0000,2024-01-31T14:58:54.894703,1101.0000,58,1111.14,1635.81
278,2024-01-31,9150,AHL,Asian Hydropower Limited,442.0000,454.0000,424.9000,425.3000,12349,5398959.2000,436.1000,480.9000,273.1000,2024-01-31T14:59:52.929484,425.3000,255,437.19,1446.02
279,2024-01-31,9151,KDL,Kalinchowk Darshan Limited,833.0000,849.9000,828.9000,832.0000,5200,4353969.0000,849.8000,1102.0000,134.4000,2024-01-31T14:59:59.260129,832.0000,105,837.30,4992.00
280,2024-01-31,9199,RNLI,Reliable Nepal Life Insurance Limited,479.0000,482.0000,465.0000,469.0000,72717,34417434.8000,479.7000,612.0000,390.0000,2024-01-31T14:59:59.287035,469.0000,1379,473.30,21761.60
281,2024-01-31,9201,SNLI,Sun Nepal Life Insurance Company Limited,603.0000,608.0000,592.0000,592.2000,65124,38911259.5000,604.0000,625.0000,396.1000,2024-01-31T14:59:58.441725,592.2000,1360,597.49,18950.40
282,2024-01-31,9203,MEHL,Manakamana Engineering Hydropower Limited,305.2000,311.2000,278.0000,299.0000,38390,11396221.5000,305.2000,334.6000,175.0000,2024-01-31T14:59:56.460698,299.0000,534,296.85,2392.00
283,2024-01-31,9209,CLI,Citizen Life Insurance Company Limited,465.0000,465.0000,451.0000,452.8000,56929,26001651.3000,456.0000,567.0000,375.0000,2024-01-31T14:59:59.638336,452.8000,1416,456.73,17829.00
284,2024-01-31,9212,MANDU,Mandu Hydropower Limited,700.0000,721.0000,696.0000,696.0000,15063,10569504.0000,707.0000,805.8000,373.2000,2024-01-31T14:59:39.661106,696.0000,235,701.68,9490.91
285,2024-01-31,9214,BGWT,Bhagawati Hydropower Development Company Limited,612.0000,620.0000,590.0000,620.0000,28262,17091142.9000,612.0000,620.0000,352.0000,2024-01-31T14:59:55.348091,620.0000,342,604.73,3546.80
286,2024-01-31,9215,MSHL,Mid Solu Hydropower Limited,748.0000,759.0000,705.0000,759.0000,22719,16392136.2000,763.0000,832.5000,294.2000,2024-01-31T14:59:56.142160,759.0000,481,721.51,5680.36
287,2024-01-31,9216,SONA,Sonapur Minerals And Oil Limited,485.0000,489.5000,467.8000,472.0000,141737,67562957.4000,483.1000,575.0000,230.0000,2024-01-31T14:59:59.229134,472.0000,2175,476.67,14514.24
288,2024-01-31,9218,TVCL,Trishuli Jal Vidhyut Company Limited ,572.1000,590.0000,559.0000,570.0000,25736,14555145.0000,582.0000,630.8000,268.0000,2024-01-31T14:59:59.173836,570.0000,337,565.55,10559.25
289,2024-01-31,9221,H8020,Himalayan 80-20,8.6000,8.8700,8.6000,8.8700,4050,35388.5000,8.7000,10.1000,8.5600,2024-01-31T14:59:35.501348,8.8700,25,8.73,88.70
290,2024-01-31,9225,VLUCL,Vision Lumbini Urja Company Limited ,527.0000,532.0000,504.7000,509.0000,37216,19242817.2000,527.0000,608.0000,365.3000,2024-01-31T14:59:58.320711,509.0000,884,517.05,9734.63
291,2024-01-31,9230,MKCL,Muktinath Krishi Company Limited,991.6000,998.0000,945.0000,952.0000,31185,29838461.0000,984.8000,1319.5000,178.8000,2024-01-31T14:59:56.196891,952.0000,721,956.82,6664.00
292,2024-01-31,9154,SFEF,Sunrise Focused Equity Fund,8.0000,8.1600,8.0000,8.1600,8000,65048.0000,8.0000,10.0000,7.3500,2024-01-31T14:57:34.782991,8.1600,11,8.13,816.00
293,2024-01-31,9158,MHCL,Molung Hydropower Company Limited,484.2000,499.9000,469.0000,474.7000,55550,26643384.2000,494.0000,570.0000,141.0000,2024-01-31T14:59:59.866703,474.7000,499,479.62,3809.47
294,2024-01-31,9166,MAKAR,Makar Jitumaya Suri Hydropower Limited,438.0000,438.5000,423.0000,430.0000,50071,21468114.6000,429.9000,438.5000,213.1000,2024-01-31T14:59:57.875412,430.0000,541,428.75,3268.00
295,2024-01-31,9171,BEDC,Bhugol Energy Development Company Limited,370.0000,380.0000,345.3000,354.0000,40295,14775064.0000,367.7000,388.0000,170.0000,2024-01-31T14:59:59.888429,354.0000,512,366.67,1925.95
296,2024-01-31,9173,CITY,City Hotel Limited,671.0000,690.0000,665.0000,666.0000,66196,44724543.9000,659.5000,782.5000,111.1000,2024-01-31T14:59:55.178765,666.0000,604,675.63,11148.84
297,2024-01-31,9174,PRSF,Prabhu Smart Fund,8.6200,8.7900,8.6200,8.7900,1700,14883.0000,8.6000,10.0600,7.4500,2024-01-31T14:59:20.365990,8.7900,7,8.75,879.00
298,2024-01-31,9175,MCHL,Menchhiyam Hydropower Limited,330.0000,334.0000,309.7000,309.7000,17882,5740321.8000,329.0000,360.0000,165.2000,2024-01-31T14:59:58.329620,309.7000,243,321.01,1680.38
299,2024-01-31,9178,RMF2,RBB Mutual Fund 2,8.2600,8.3700,8.2600,8.3700,1550,12948.5000,8.3500,10.6400,7.2300,2024-01-31T14:58:58.718534,8.3700,7,8.35,708.20
300,2024-01-31,9181,RAWA,Rawa Energy Development Limited,504.9000,544.5000,504.9000,520.0000,51302,26881957.7000,495.0000,544.5000,249.3000,2024-01-31T14:59:58.163311,520.0000,604,523.99,1456.00
301,2024-01-31,9182,SIGS3,Siddhartha Investment Growth Scheme 3,10.0000,10.0000,10.0000,10.0000,100,1000.0000,10.0000,10.0000,10.0000,2024-01-31T10:45:00.007649,10.0000,1,10.00,805.80
302,2024-01-31,9184,ILI,IME Life Insurance Company Limited,554.0000,559.9000,543.0000,547.0000,52423,28751698.0000,554.0000,640.6000,444.0000,2024-01-31T14:59:48.210941,547.0000,1260,548.45,21880.00
303,2024-01-31,9191,C30MF,Citizens Super 30 Mutual Fund,8.6000,8.7700,8.6000,8.7700,600,5211.0000,8.4800,10.0000,7.6100,2024-01-31T13:56:48.369913,8.7700,4,8.68,658.38
304,2024-01-31,9192,USHL,Upper Syange Hydropower Limited,565.0000,565.0000,520.0000,534.0000,17198,9126036.8000,563.0000,597.0000,253.6000,2024-01-31T14:59:59.644214,534.0000,204,530.64,1174.80
305,2024-01-31,9193,GCIL,Ghorahi Cement Industry Limited,515.0000,525.0000,503.8000,507.0000,46576,23882109.8000,520.0000,614.0000,363.1000,2024-01-31T14:59:57.369384,507.0000,758,512.75,23158.17
306,2024-01-31,9196,KBSH,Kutheli Bukhari Small Hydropower Limited,885.0000,888.0000,855.0000,855.0000,995,857210.0000,876.0000,969.0000,479.0000,2024-01-31T14:55:10.626715,855.0000,22,861.51,1041.97
307,2024-01-31,9208,ULHC,Upper Lohore Khola Hydropower Company Limited,322.8000,329.0000,307.1000,312.8000,26692,8437630.2000,322.8000,339.9000,217.1000,2024-01-31T14:59:51.003717,312.8000,471,316.11,1594.67
308,2024-01-31,9211,SBID89,9% Nepal SBI Bank Rinpatra 2089,971.8000,971.8000,971.8000,964.9000,3,2894.7000,971.8000,1000.0000,838.0000,2024-01-31T13:43:46.111799,971.8000,2,964.90,
309,2024-01-31,9213,HATHY,Hathway Investment Nepal Limited,990.0000,990.0000,945.0000,950.4000,121815,117440159.5000,975.0000,1123.0000,279.5000,2024-01-31T14:59:59.374145,950.4000,809,964.08,24463.30
310,2024-01-31,9217,MMKJL,Mathillo Mailun Khola Jalvidhyut Limited,435.0000,439.0000,416.0000,420.0000,22973,9760887.6000,440.0000,459.0000,225.0000,2024-01-31T14:59:56.033983,420.0000,416,424.88,4200.00
311,2024-01-31,9232,CKHL,Chirkhwa Hydropower Limited ,514.5000,530.0000,506.0000,510.0000,9836,5097750.7000,524.5000,595.0000,300.0000,2024-01-31T14:59:57.669265,510.0000,339,518.27,2040.00
312,2024-01-31,9233,NWCL,Nepal Warehousing Company Limited ,839.0000,850.0000,798.0000,836.0000,56229,46741084.0000,856.0000,996.0000,208.8000,2024-01-31T14:59:59.940697,836.0000,2168,831.26,5747.50
313,2024-01-31,9234,HRL,Himalayan Reinsurance Limited,723.0000,728.0000,698.0000,714.6000,889868,638782691.5000,709.6000,728.0000,309.2000,2024-01-31T14:59:59.234191,714.6000,16262,717.83,71460.00
