S.N,BUSINESS_DATE,SECURITY_ID,SYMBOL,SECURITY_NAME,OPEN_PRICE,HIGH_PRICE,LOW_PRICE,CLOSE_PRICE,TOTAL_TRADED_QUANTITY,TOTAL_TRADED_VALUE,PREVIOUS_DAY_CLOSE_PRICE,FIFTY_TWO_WEEKS_HIGH,FIFTY_TWO_WEEKS_LOW,LAST_UPDATED_TIME,LAST_UPDATED_PRICE,TOTAL_TRADES,AVERAGE_TRADED_PRICE,MARKET_CAPITALIZATION
1,2024-01-31,131,NABIL,Nabil Bank Limited,489.0,490.0,484.6,484.6,101519,49422553.3,487.0,705.7,483.2,2024-01-31T14:59:57.698116,484.6,862,486.83,131118.21
2,2024-01-31,132,NIMB,Nepal Investment Mega Bank Limited,173.1,174.8,172.0,172.5,71603,12389067.2,172.9,251.0,168.0,2024-01-31T14:59:54.015240,172.5,378,173.02,58871.83
3,2024-01-31,133,SCB,Standard Chartered Bank Limited,540.0,541.0,537.0,537.0,27810,15000097.9,540.0,582.0,488.0,2024-01-31T14:58:05.578040,537.0,139,539.37,50636.17
4,2024-01-31,134,HBL,Himalayan Bank Limited,204.0,205.8,201.8,202.5,20790,4215610.1,203.0,305.0,193.0,2024-01-31T14:59:33.642263,202.5,161,202.77,43854.65
5,2024-01-31,135,SBI,Nepal SBI Bank Limited,300.0,300.0,295.1,296.5,13996,4147711.3,301.1,378.4,282.0,2024-01-31T14:59:29.565673,296.5,67,296.34,31132.95
6,2024-01-31,137,EBL,Everest Bank Limited,540.0,540.0,530.0,534.0,47569,25387752.3,540.0,633.0,448.0,2024-01-31T14:59:48.082703,534.0,239,533.7,62840.61
7,2024-01-31,139,NICA,NIC Asia Bank Ltd.,481.0,481.9,474.0,475.0,64290,30617801.9,479.0,852.0,469.1,2024-01-31T14:59:53.475356,475.0,657,476.24,70858.44
8,2024-01-31,140,MBL,Machhapuchhre Bank Limited,188.5,190.0,185.7,186.0,116059,21708121.5,189.3,283.0,179.0,2024-01-31T14:59:55.719528,186.0,326,187.04,21615.72
9,2024-01-31,141,LSL,Laxmi Sunrise Bank Limited,172.3,173.4,167.2,168.0,49143,8356955.3,169.0,208.0,167.2,2024-01-31T14:59:51.359010,168.0,197,170.05,38954.42
10,2024-01-31,142,KBL,Kumari Bank Limited,153.8,153.8,150.0,151.8,270719,40777430.3,152.9,198.9,148.2,2024-01-31T14:59:59.083068,151.8,699,150.62,39810.86
11,2024-01-31,145,SBL,Siddhartha Bank Limited,235.0,240.5,235.0,239.0,59498,14204266.5,234.9,300.7,223.0,2024-01-31T14:59:54.280404,239.0,201,238.73,33675.05
12,2024-01-31,147,SHL,Soaltee Hotel Limited,463.1,468.0,451.2,454.0,94199,43407280.7,461.2,536.0,215.6,2024-01-31T14:59:58.230193,454.0,241,460.8,42174.37
13,2024-01-31,148,TRH,Taragaon Regency Hotel Limited,824.0,824.0,800.1,810.0,9759,7878627.9,829.0,979.2,436.0,2024-01-31T14:59:59.625251,810.0,73,807.31,15893.17
14,2024-01-31,149,OHL,Oriental Hotels Limited,783.0,788.5,763.0,770.0,5669,4414234.0,798.9,885.0,499.0,2024-01-31T14:59:56.227116,770.0,45,778.66,8686.3
15,2024-01-31,152,NHPC,National Hydro Power Company Limited,177.9,180.0,171.5,173.0,168748,29657728.3,177.9,275.0,126.0,2024-01-31T14:59:58.248399,173.0,707,175.75,4266.94
16,2024-01-31,153,BPCL,Butwal Power Company Limited,320.0,323.9,316.0,316.0,22545,7186653.0,318.9,365.0,292.1,2024-01-31T14:59:35.477396,316.0,137,318.76,10772.64
17,2024-01-31,154,CHCL,Chilime Hydropower Company Limited,498.0,508.0,491.0,493.6,24402,12112099.7,498.0,594.0,446.0,2024-01-31T14:59:56.627606,493.6,130,496.35,39409.01
18,2024-01-31,155,STC,Salt Trading Corporation,5441.7,5441.7,5228.0,5231.0,787,4160488.4,5335.0,5900.0,3590.0,2024-01-31T14:59:59.360222,5231.0,37,5286.51,14588.44
19,2024-01-31,163,NUBL,Nirdhan Utthan Laghubitta Bittiya Sanstha Limited,665.0,702.0,659.0,659.0,8311,5549410.2,662.5,1035.0,512.1,2024-01-31T14:59:43.547203,659.0,102,667.71,17213.61
20,2024-01-31,164,CBBL,Chhimek Laghubitta Bittiya Sanstha Limited,869.0,875.0,867.0,867.0,7140,6200281.2,871.0,1238.0,727.0,2024-01-31T14:59:32.033669,867.0,116,868.38,25812.08
21,2024-01-31,166,DDBL,Deprosc Laghubitta Bittiya Sanstha Limited,775.0,802.0,775.0,776.0,5135,4007856.7,788.9,975.0,606.7,2024-01-31T14:57:31.768562,776.0,79,780.49,12036.45
22,2024-01-31,171,SANIMA,Sanima Bank Limited,246.0,250.1,245.0,246.5,27296,6718725.1,247.6,310.0,225.5,2024-01-31T14:59:44.569956,246.5,205,246.14,33478.46
23,2024-01-31,172,NABBC,Narayani Development Bank Limited,409.0,409.0,395.0,405.0,4728,1886941.5,409.0,460.0,342.1,2024-01-31T14:59:47.867086,405.0,38,399.09,1062.99
24,2024-01-31,176,NICL,Nepal Insurance Co. Ltd.,901.3,917.0,881.1,898.0,22066,19770932.1,907.0,1023.0,468.0,2024-01-31T14:59:59.510273,898.0,120,895.99,14765.29
25,2024-01-31,177,RBCL,Rastriya Beema Company Limited,14000.0,14100.0,13920.0,14000.0,350,4891088.0,13999.0,17140.0,12200.0,2024-01-31T14:48:55.069586,14000.0,20,13974.53,37329.11
26,2024-01-31,178,NLICL,National Life Insurance Co. Ltd.,594.2,600.0,583.0,585.0,10895,6433137.6,591.0,692.5,525.1,2024-01-31T14:59:54.582123,585.0,132,590.46,29318.25
27,2024-01-31,179,HEI,Himalayan Everest Insurance Limited,618.9,618.9,593.1,593.7,32208,19421652.1,607.1,705.0,400.6,2024-01-31T14:59:57.364655,593.7,116,603.0,14843.44
28,2024-01-31,180,UAIL,United Ajod Insurance Limited,636.2,639.0,625.0,626.5,35216,22230336.5,634.0,696.0,401.8,2024-01-31T14:59:46.135426,626.5,230,631.25,11932.12
29,2024-01-31,182,SPIL,Siddhartha Premier Insurance Limited,740.0,745.0,721.0,722.0,16754,12278978.6,737.0,837.0,534.0,2024-01-31T14:59:37.585417,722.0,132,732.89,20263.29
30,2024-01-31,183,NIL,Neco Insurance Limited,831.1,840.0,825.0,825.0,8587,7114459.0,834.0,946.0,706.1,2024-01-31T14:59:31.643220,825.0,82,828.51,16601.98
31,2024-01-31,184,PRIN,Prabhu Insurance Ltd.,840.0,840.0,800.0,806.0,20332,16403610.3,827.9,897.0,435.0,2024-01-31T14:59:32.442503,806.0,127,806.78,11091.55
32,2024-01-31,185,SALICO,Sagarmatha Lumbini Insurance Co. Limited,710.0,710.0,685.1,689.0,4329,2992152.0,697.2,812.0,551.4,2024-01-31T14:59:35.471754,689.0,66,691.18,18069.98
33,2024-01-31,186,IGI,IGI Prudential insurance Limited,590.0,601.0,564.5,578.2,136283,79083035.0,585.0,615.0,366.2,2024-01-31T14:59:57.876175,578.2,526,580.28,17515.61
34,2024-01-31,187,NLIC,Nepal Life Insurance Co. Ltd.,639.0,639.0,625.0,625.0,28535,17922452.6,630.7,820.0,615.0,2024-01-31T14:59:37.484213,625.0,370,628.08,51299.79
35,2024-01-31,188,LICN,Life Insurance Corporation (Nepal) Limited,1401.0,1414.0,1396.3,1403.5,3705,5199177.5,1401.3,1800.0,1238.0,2024-01-31T14:59:56.716741,1403.5,41,1403.28,37237.66
36,2024-01-31,192,SICL,Shikhar Insurance Co. Ltd.,743.7,743.7,730.0,730.0,11445,8391003.7,734.1,926.0,682.0,2024-01-31T14:59:59.140421,730.0,161,733.15,19381.11
37,2024-01-31,194,NFS,Nepal Finance Ltd.,322.0,353.0,322.0,329.0,78067,26262222.5,327.4,390.0,255.5,2024-01-31T14:59:55.446469,329.0,327,336.4,2760.13
38,2024-01-31,195,BNL,Bottlers Nepal (Balaju) Limited,6360.2,6360.2,6360.2,6360.2,10,63602.0,6235.5,6362.5,2222.2,2024-01-31T10:46:00.028488,6360.2,1,6360.2,12395.31
39,2024-01-31,204,GUFL,Gurkhas Finance Ltd.,555.1,574.0,553.0,553.5,17519,9772897.9,563.6,611.0,454.0,2024-01-31T14:59:42.542461,553.5,138,557.84,4804.35
40,2024-01-31,210,CIT,Citizen Investment Trust,2129.0,2129.5,2098.0,2101.0,9852,20754734.4,2120.0,2704.0,1850.0,2024-01-31T14:59:59.478434,2101.0,247,2106.65,111641.9
41,2024-01-31,213,BNT,Bottlers Nepal (Terai) Limited,12199.2,12199.2,12000.0,12000.0,20,241992.0,11960.0,16200.0,10500.0,2024-01-31T12:46:41.659162,12000.0,2,12099.6,14520.0
42,2024-01-31,219,UNL,Unilever Nepal Limited,40100.0,41604.6,39975.0,41604.6,180,7310182.0,39993.0,45151.0,18300.0,2024-01-31T14:53:54.527206,41604.6,18,40612.12,38305.36
43,2024-01-31,227,BFC,Best Finance Company Ltd.,335.0,335.4,319.0,325.0,10888,3562915.0,330.0,377.0,284.0,2024-01-31T14:59:44.691509,325.0,76,327.23,2778.15
44,2024-01-31,232,GFCL,Goodwill Finance Limited,440.0,448.5,436.1,436.1,7746,3409605.4,445.0,530.0,375.0,2024-01-31T14:59:58.087429,436.1,53,440.17,4126.01
45,2024-01-31,235,HDL,Himalayan Distillery Limited,1660.0,1668.0,1640.0,1644.9,21764,35848312.7,1651.0,2840.7,1540.0,2024-01-31T14:59:57.474204,1644.9,512,1647.13,43960.34
46,2024-01-31,236,PFL,Pokhara Finance Ltd.,365.1,372.4,360.6,361.0,7714,2820419.0,367.9,453.6,320.2,2024-01-31T14:57:54.027815,361.0,56,365.62,3908.03
47,2024-01-31,238,NMB,NMB Bank Limited,198.0,198.0,192.2,195.0,69374,13422454.0,196.0,252.0,192.2,2024-01-31T14:59:15.151833,195.0,331,193.47,35815.08
48,2024-01-31,244,SIFC,Shree Investment Finance Co. Ltd.,360.0,360.0,345.5,347.1,14216,5006678.2,361.0,408.0,293.2,2024-01-31T14:59:58.688995,347.1,74,352.18,3407.42
49,2024-01-31,245,CFCL,Central Finance Co. Ltd.,348.0,350.0,335.2,337.0,11152,3783858.1,342.0,423.0,275.5,2024-01-31T14:58:05.388040,337.0,81,339.29,3197.71
50,2024-01-31,250,JFL,Janaki Finance Company Limited,366.1,373.0,360.0,360.0,10674,3896844.6,372.0,447.0,316.7,2024-01-31T14:59:51.388828,360.0,72,365.07,2485.7
51,2024-01-31,255,PRVU,Prabhu  Bank Limited,157.9,157.9,155.0,155.5,83101,12952333.4,156.2,206.0,152.3,2024-01-31T14:59:57.699551,155.5,434,155.86,36608.57
52,2024-01-31,256,SFCL,Samriddhi Finance Company Limited,316.5,321.0,306.0,309.9,38332,11968790.0,316.4,355.0,246.2,2024-01-31T14:59:58.642948,309.9,216,312.24,2537.81
53,2024-01-31,263,GMFIL,Guheshowori Merchant Bank & Finance Co. Ltd.,368.0,368.0,352.0,353.0,5945,2127792.8,367.0,427.0,277.0,2024-01-31T14:59:42.825954,353.0,55,357.91,3572.98
54,2024-01-31,268,SWBBL,Swabalamban Laghubitta Bittiya Sanstha Limited,762.0,765.0,745.0,754.0,9008,6763298.2,764.0,1218.0,653.7,2024-01-31T14:59:31.747201,754.0,52,750.81,10933.0
55,2024-01-31,273,ICFC,ICFC Finance Limited,477.0,494.0,476.1,479.0,12215,5875660.0,486.0,552.0,391.0,2024-01-31T14:58:40.503008,479.0,109,481.02,5668.83
56,2024-01-31,274,EDBL,Excel Development Bank Ltd.,355.1,357.9,350.0,350.0,10088,3554993.7,358.0,399.7,266.4,2024-01-31T14:59:14.160421,350.0,62,352.39,4373.93
57,2024-01-31,307,NTC,Nepal Doorsanchar Company Limited,900.0,919.3,866.0,878.0,22328,19637534.7,883.7,1000.0,758.0,2024-01-31T14:59:58.091225,878.0,336,879.5,158040.0
58,2024-01-31,338,PROFL,Progressive Finance Limited,325.0,330.3,315.0,315.7,17567,5630794.2,323.1,465.0,269.1,2024-01-31T14:59:42.975867,315.7,144,320.53,2702.73
59,2024-01-31,341,GBIME,Global IME Bank Limited,195.0,200.0,195.0,197.0,99882,19626525.5,198.5,241.9,176.0,2024-01-31T14:59:52.080172,197.0,461,196.49,71173.68
60,2024-01-31,348,CZBIL,Citizens Bank International Limited,168.6,171.0,168.6,169.0,38397,6489158.8,170.0,207.8,158.9,2024-01-31T14:59:51.316124,169.0,118,169.0,23999.65
61,2024-01-31,357,PCBL,Prime Commercial Bank Ltd.,203.5,207.8,203.5,205.0,101547,20808204.2,207.4,224.8,176.0,2024-01-31T14:59:58.715265,205.0,291,204.91,39775.28
62,2024-01-31,358,LBBL,Lumbini Bikas Bank Ltd.,407.0,410.0,394.0,397.9,30628,12287637.7,409.0,454.0,305.0,2024-01-31T14:59:59.112946,397.9,146,401.18,13998.66
63,2024-01-31,360,AHPC,Arun Valley Hydropower Development Co. Ltd.,216.9,219.1,210.1,211.2,260919,55762479.3,216.8,329.0,190.0,2024-01-31T14:59:57.728362,211.2,1101,213.71,7890.27
64,2024-01-31,371,MDB,Miteri Development Bank Limited,427.0,435.4,410.6,415.0,8939,3689496.8,418.9,449.8,350.3,2024-01-31T14:59:58.305609,415.0,43,412.74,4612.42
65,2024-01-31,385,ALICL,Asian Life Insurance Co. Limited,700.0,708.0,686.0,694.0,61473,42799178.4,701.0,812.0,517.5,2024-01-31T14:59:56.682576,694.0,290,696.22,21897.79
66,2024-01-31,393,HLI,Himalayan Life Insurance Limited,420.0,424.8,408.0,411.5,65020,26942364.4,420.0,574.0,340.0,2024-01-31T14:59:58.381378,411.5,602,414.37,33003.88
67,2024-01-31,396,NMLBBL,Nerude Mirmire Laghubitta Bittiya Sanstha Limited,588.0,600.0,577.3,584.0,5752,3359617.6,595.0,809.8,480.0,2024-01-31T14:59:07.760392,584.0,60,584.07,4274.88
68,2024-01-31,397,ADBL,Agricultural Development Bank Limited,245.0,247.4,243.2,243.2,16597,4046904.8,245.5,312.2,224.0,2024-01-31T14:59:37.167276,243.2,157,243.83,32714.47
69,2024-01-31,401,MLBL,Mahalaxmi Bikas Bank Ltd.,346.8,352.0,328.4,329.0,47469,15819117.1,340.0,379.0,281.0,2024-01-31T14:59:56.475113,329.0,140,333.25,13723.64
70,2024-01-31,403,SJLIC,SuryaJyoti Life Insurance Company Limited,525.0,535.0,511.0,514.0,31156,16331723.6,525.0,646.0,407.1,2024-01-31T14:59:57.321533,514.0,370,524.19,23364.24
71,2024-01-31,417,GBBL,Garima Bikas Bank Limited,388.5,389.0,377.1,377.5,27958,10653329.7,383.0,432.4,336.0,2024-01-31T14:59:53.833618,377.5,203,381.04,21443.95
72,2024-01-31,418,JBBL,Jyoti Bikas Bank Limited,311.9,312.0,300.0,300.0,30328,9222220.7,307.9,357.0,249.1,2024-01-31T14:59:39.702820,300.0,177,304.08,13187.36
73,2024-01-31,428,KRBL,Karnali Development Bank Limited,374.3,374.3,351.0,357.0,16172,5779808.7,367.0,418.0,241.1,2024-01-31T14:59:58.553700,357.0,111,357.39,1892.14
74,2024-01-31,450,CORBL,Corporate Development Bank Limited,397.0,397.0,378.0,379.0,3435,1310992.7,390.0,427.9,277.8,2024-01-31T14:56:06.054688,379.0,38,381.65,1989.75
75,2024-01-31,459,KSBBL,Kamana Sewa Bikas Bank Limited,355.0,357.5,342.4,343.2,59064,20715609.2,352.0,382.0,275.0,2024-01-31T14:59:15.147786,343.2,217,350.73,11260.96
76,2024-01-31,469,NIMBPO,Nepal Investment Mega Bank Ltd. Promoter Share,143.0,143.0,141.5,141.6,701,100100.6,142.8,230.0,105.0,2024-01-31T14:23:14.410518,141.6,4,142.79,25923.48
77,2024-01-31,471,MPFL,Multipurpose Finance Company  Limited,358.9,358.9,340.0,343.5,25203,8653433.5,351.9,430.0,261.0,2024-01-31T14:59:00.778391,343.5,126,343.34,2096.04
78,2024-01-31,472,SADBL,Shangrila Development Bank Ltd.,311.0,311.0,300.0,303.0,18793,5701996.1,311.0,356.9,263.5,2024-01-31T14:59:00.608764,303.0,95,303.41,10395.84
79,2024-01-31,473,SHINE,Shine Resunga Development Bank Ltd.,399.0,399.0,383.1,387.0,66946,25955813.7,393.0,435.0,300.2,2024-01-31T14:59:49.689170,387.0,257,387.71,18319.38
80,2024-01-31,474,MNBBL,Muktinath Bikas Bank Ltd.,372.1,375.0,370.9,371.5,19200,7140614.4,374.0,446.0,362.8,2024-01-31T14:59:47.053693,371.5,146,371.9,26179.38
81,2024-01-31,490,FMDBL,First Micro Finance Laghubitta Bittiya Sanstha Limited,630.0,630.0,615.0,623.9,9755,6043351.1,634.0,781.0,497.2,2024-01-31T14:59:47.991812,623.9,106,619.51,7697.85
82,2024-01-31,516,MFIL,Manjushree Finance Ltd.,531.0,531.0,512.3,513.0,15719,8139868.2,521.1,587.0,410.0,2024-01-31T14:59:45.705803,513.0,112,517.83,6933.47
83,2024-01-31,517,NBL,Nepal Bank Limited,227.3,232.5,227.3,231.6,44908,10395209.0,231.9,295.0,227.3,2024-01-31T14:59:58.081405,231.6,262,231.47,34031.36
84,2024-01-31,545,SLBBL,Swarojgar Laghubitta Bittiya Sanstha Ltd.,682.0,682.0,645.0,645.0,3244,2122341.4,670.0,1020.0,523.0,2024-01-31T14:49:03.104153,645.0,50,654.23,4045.45
85,2024-01-31,559,NLG,NLG Insurance Company Ltd.,830.0,830.0,804.6,815.0,10077,8205317.4,819.0,940.0,560.7,2024-01-31T14:59:41.014749,815.0,81,814.26,11893.1
86,2024-01-31,561,SINDU,Sindhu Bikash Bank Ltd,319.7,319.7,302.0,304.0,13195,4065336.9,315.0,348.0,227.7,2024-01-31T14:59:57.423349,304.0,82,308.09,1694.67
87,2024-01-31,574,SKBBL,Sana Kisan Bikas Laghubitta Bittiya Sanstha Limited,880.2,880.2,855.0,870.0,5235,4530157.4,863.0,1275.0,755.0,2024-01-31T14:59:30.878325,870.0,102,865.35,33115.45
88,2024-01-31,583,GBLBS,Grameen Bikas Laghubitta Bittiya Sanstha Ltd.,560.0,560.0,542.0,545.0,5636,3083937.2,560.0,673.0,427.0,2024-01-31T14:59:03.903085,545.0,62,547.18,5354.63
89,2024-01-31,587,RLFL,Reliance Finance Ltd.,377.0,383.0,366.0,370.0,31367,11748844.5,376.9,422.0,268.0,2024-01-31T14:59:20.863589,370.0,135,374.56,4149.37
90,2024-01-31,591,SHPC,Sanima Mai Hydropower Ltd.,365.0,365.2,355.0,356.0,72147,25849620.6,358.1,403.0,282.3,2024-01-31T14:59:57.270347,356.0,181,358.29,12097.51
91,2024-01-31,593,KMCDB,Kalika Laghubitta Bittiya Sanstha Ltd,663.0,663.0,635.0,644.0,929,594042.9,650.0,1014.0,526.0,2024-01-31T14:56:27.411556,644.0,33,639.44,2397.75
92,2024-01-31,601,MLBBL,Mithila LaghuBitta Bittiya Sanstha Limited,782.0,810.0,766.5,790.0,704,551189.0,796.0,1144.0,657.0,2024-01-31T14:43:59.077890,790.0,18,782.93,1548.42
93,2024-01-31,610,RIDI,Ridi Power Company Limited,293.8,298.7,286.2,287.0,252877,73645352.0,293.8,408.5,176.6,2024-01-31T14:59:58.483532,287.0,900,291.22,4445.35
94,2024-01-31,618,LLBS,Laxmi Laghubitta Bittiya Sanstha Ltd.,760.0,768.0,752.7,763.8,1462,1112725.8,753.2,1163.8,580.0,2024-01-31T14:59:47.131166,763.8,22,761.09,3373.42
95,2024-01-31,634,RBCLPO,Rastriya Beema Company Limited Promoter Share,10995.0,11672.0,10985.8,10985.8,100,1119647.0,10802.0,15909.9,10045.0,2024-01-31T14:56:48.122155,10985.8,10,11196.47,19514.03
96,2024-01-31,682,MMFDB,Mirmire Laghubitta Bittya Sanstha Limited,575.0,586.0,566.0,567.0,5469,3133994.2,583.0,849.8,481.3,2024-01-31T14:59:50.768693,567.0,100,573.04,3774.88
97,2024-01-31,686,BARUN,Barun Hydropower Co. Ltd.,285.0,299.0,276.5,279.0,288973,81937047.0,288.0,299.0,191.1,2024-01-31T14:59:57.056986,279.0,689,283.54,1494.92
98,2024-01-31,687,VLBS,Vijaya laghubitta Bittiya Sanstha Ltd.,648.0,648.0,636.0,636.0,2095,1340633.0,651.0,967.0,546.1,2024-01-31T14:59:03.801804,636.0,28,639.92,4738.46
99,2024-01-31,693,HLBSL,Himalayan Laghubitta Bittiya Sanstha Limited,622.0,630.0,610.0,615.1,2788,1716011.0,622.0,923.1,519.1,2024-01-31T14:58:00.844336,615.1,43,615.49,1967.2
100,2024-01-31,694,MATRI,Matribhumi Lagubitta Bittiya Sanstha Limited,839.9,840.0,808.1,808.1,2310,1892084.0,840.0,1054.1,539.0,2024-01-31T14:49:31.109848,808.1,13,819.08,4075.79
101,2024-01-31,695,JSLBB,Janautthan Samudayic Laghubitta Bittya Sanstha Limited,870.0,870.0,851.0,851.0,214,184681.2,880.0,1689.0,785.0,2024-01-31T14:55:32.064146,851.0,11,862.99,1447.48
102,2024-01-31,697,API,Api Power Company Ltd.,207.5,211.0,203.5,203.9,324592,67276402.8,207.0,307.0,154.7,2024-01-31T14:59:57.359613,203.9,1207,207.26,11798.87
103,2024-01-31,700,HEIP,Himalayan Everest Insurance Limited Promoter,370.0,391.9,363.0,384.1,997,367461.0,363.2,486.9,245.5,2024-01-31T14:59:58.078304,384.1,7,368.56,1027.48
104,2024-01-31,704,NMBMF,NMB  Microfinance Bittiya Sanstha Ltd.,545.0,549.6,537.0,537.0,1051,571084.0,545.0,769.0,463.6,2024-01-31T14:50:10.967247,537.0,20,543.37,3874.18
105,2024-01-31,705,GILB,Global IME Laghubitta Bittiya Sanstha Ltd.,898.9,937.0,853.8,871.0,4549,3953416.9,884.0,1195.0,665.1,2024-01-31T14:55:19.751046,871.0,88,869.07,5390.62
106,2024-01-31,706,SWMF,Suryodaya Womi Laghubitta Bittiya Sanstha Limited,658.1,670.0,658.1,660.0,1634,1084509.9,660.0,919.0,539.1,2024-01-31T14:59:51.778342,660.0,30,663.71,6011.17
107,2024-01-31,1741,MERO,Mero Microfinance Bittiya Sanstha Ltd.,579.0,579.0,555.0,560.0,9762,5518474.3,568.0,779.0,463.3,2024-01-31T14:59:58.234765,560.0,62,565.3,7392.0
108,2024-01-31,2742,HIDCL,Hydorelectricity Investment and Development Company Ltd,194.8,195.0,189.0,189.9,128184,24513246.7,191.5,224.0,154.0,2024-01-31T14:59:54.898394,189.9,475,191.23,43251.24
109,2024-01-31,2743,NGPL,Ngadi Group Power Ltd.,365.0,365.0,342.1,342.1,693236,242648304.3,360.0,365.0,185.8,2024-01-31T14:59:56.629681,342.1,1836,350.02,6333.23
110,2024-01-31,2744,GRDBL,Green Development Bank Ltd.,337.0,350.0,334.1,334.6,7493,2538056.2,343.7,381.7,235.5,2024-01-31T14:51:10.199981,334.6,52,338.72,1736.57
111,2024-01-31,2746,NMFBS,National Laghubitta Bittiya Sanstha Limited,1135.0,1144.9,1116.1,1127.0,788,887386.1,1145.0,2300.0,901.0,2024-01-31T14:59:44.885113,1127.0,31,1126.12,12219.01
112,2024-01-31,2748,RSDC,RSDC Laghubitta Bittiya Sanstha Ltd.,571.0,571.0,550.0,554.0,1236,683736.3,562.0,676.0,461.0,2024-01-31T14:56:18.802559,554.0,28,553.18,5231.71
113,2024-01-31,2751,KKHC,Khanikhola Hydropower Co. Ltd.,254.8,259.8,239.5,241.0,27133,6679867.0,249.9,283.5,158.0,2024-01-31T14:59:00.829713,241.0,196,246.18,1122.37
114,2024-01-31,2754,DHPL,Dibyashwori Hydropower Ltd.,230.3,230.3,215.6,216.1,35122,7698190.3,225.8,258.9,134.0,2024-01-31T14:59:34.385754,216.1,191,219.18,570.5
115,2024-01-31,2757,AKPL,Arun Kabeli Power Ltd.,208.0,209.0,199.0,201.0,366139,74536948.2,206.0,428.0,152.4,2024-01-31T14:59:58.500368,201.0,1203,203.57,7830.84
116,2024-01-31,2758,FOWAD,Forward Microfinance Laghubitta Bittiya Sanstha Limited,1144.0,1144.0,1087.8,1109.9,2475,2722286.1,1129.7,1944.0,974.0,2024-01-31T14:59:38.035483,1109.9,64,1099.91,11715.7
117,2024-01-31,2759,SPDL,Synergy Power Development Ltd.,293.7,297.0,278.4,281.0,279233,80138748.2,288.0,349.8,160.0,2024-01-31T14:59:59.653650,281.0,785,286.99,3399.71
118,2024-01-31,2760,UMHL,United Modi Hydropower Ltd.,308.0,309.0,288.0,291.1,219414,64756359.8,303.5,309.0,167.0,2024-01-31T14:59:57.970580,291.1,730,295.13,3581.99
119,2024-01-31,2761,SMATA,Samata Gharelu Laghubitta Bittiya Sanstha Limited,642.5,642.5,621.0,630.0,286,181545.0,631.0,863.0,552.0,2024-01-31T14:33:32.035888,630.0,9,634.77,2483.18
120,2024-01-31,2765,LEMF,Laxmi Equity Fund,9.41,9.54,9.41,9.5,133769,1267662.86,9.37,10.0,7.87,2024-01-31T13:42:49.568668,9.5,14,9.47,1187.5
121,2024-01-31,2766,CHL,Chhyangdi Hydropower Ltd.,302.0,302.0,280.0,290.0,19969,5785232.9,298.0,370.0,194.1,2024-01-31T14:59:47.721617,290.0,116,289.71,1122.23
122,2024-01-31,2767,HPPL,Himalayan Power Partner Ltd.,298.0,298.0,281.3,286.1,15893,4601079.7,292.9,360.9,199.0,2024-01-31T14:58:52.824420,286.1,98,289.5,3048.16
123,2024-01-31,2768,MSLB,Mahuli Laghubitta Bittiya Sanstha Limited,910.0,910.0,875.0,895.0,212,186668.0,894.0,1275.0,658.6,2024-01-31T14:58:09.485110,895.0,10,880.5,2885.29
124,2024-01-31,2769,NHDL,Nepal Hydro Developers Ltd.,466.1,466.1,438.3,459.0,57236,25749733.8,457.0,466.1,303.0,2024-01-31T14:59:55.032187,459.0,164,449.88,1649.84
125,2024-01-31,2770,SEF,Siddhartha Equity Fund,8.25,8.25,7.99,7.99,43800,350957.25,8.1,9.43,7.16,2024-01-31T14:59:50.998973,7.99,12,8.01,1198.5
126,2024-01-31,2771,SMB,Support Microfinance Bittiya Sanstha Ltd.,1025.0,1034.5,980.0,1034.0,916,931406.0,1014.3,1323.8,812.0,2024-01-31T14:58:32.290089,1034.0,28,1016.81,1112.78
127,2024-01-31,2773,SAEF,Sanima Equity Fund,10.14,10.14,9.84,9.84,138860,1385541.0,10.04,12.3,8.85,2024-01-31T14:40:50.851633,9.84,22,9.97,1279.2
128,2024-01-31,2774,USLB,Unnati Sahakarya Laghubitta Bittiya Sanstha Limited,950.0,950.0,911.1,935.0,1854,1717875.6,961.0,1040.0,591.1,2024-01-31T14:59:27.894825,935.0,70,926.57,2308.2
129,2024-01-31,2776,RADHI,Radhi Bidyut Company Ltd,292.5,293.8,278.5,281.9,216467,61733254.1,288.2,304.0,200.6,2024-01-31T14:59:59.568529,281.9,509,285.18,4949.01
130,2024-01-31,2779,NICGF,NIC Asia Growth Fund,9.56,9.75,9.43,9.46,58072,552202.82,9.38,10.62,8.3,2024-01-31T14:39:08.236076,9.46,17,9.5,790.1
131,2024-01-31,2780,CMF1,Citizens Mutual Fund -1,8.92,8.92,8.9,8.9,202905,1808754.5,8.9,9.4,6.96,2024-01-31T14:53:58.850033,8.9,18,8.91,729.8
132,2024-01-31,2781,WNLB,Wean Nepal Laghubitta Bittiya Sanstha Limited,857.0,857.0,825.0,825.0,719,599283.6,857.0,1050.6,680.0,2024-01-31T14:46:33.692553,825.0,26,833.49,653.49
133,2024-01-31,2784,NADEP,Nadep Laghubittiya bittya Sanstha Ltd.,560.0,565.0,545.0,552.0,1769,978446.7,560.0,793.0,455.0,2024-01-31T14:59:41.950974,552.0,47,553.1,2681.4
134,2024-01-31,2786,PMHPL,Panchakanya Mai Hydropower Ltd,270.5,272.0,255.0,256.7,28914,7599135.6,265.2,286.7,151.5,2024-01-31T14:59:56.515648,256.7,147,262.81,2823.7
135,2024-01-31,2787,KPCL,Kalika power Company Ltd,448.0,466.0,441.0,452.0,43673,19650279.0,457.0,476.0,272.4,2024-01-31T14:59:59.704687,452.0,109,449.94,3945.28
136,2024-01-31,2788,AKJCL,Ankhu Khola Jalvidhyut Company Ltd,243.4,243.4,229.0,230.0,109879,25950694.8,238.7,262.0,141.3,2024-01-31T14:59:56.735006,230.0,526,236.17,1840.0
137,2024-01-31,2789,JOSHI,Joshi Hydropower Development Company Ltd,264.0,269.0,255.0,255.5,38439,10075084.3,264.0,318.0,182.1,2024-01-31T14:59:57.544161,255.5,139,262.1,948.93
138,2024-01-31,2790,ACLBSL,Aarambha Chautari Laghubitta Bittiya Sanstha Limited,620.0,624.9,605.1,605.2,2167,1323738.7,614.9,830.0,500.1,2024-01-31T14:56:46.281356,605.2,46,610.86,2221.95
139,2024-01-31,2792,UPPER,Upper Tamakoshi Hydropower Ltd,212.7,222.0,212.7,215.0,78593,16979309.1,217.0,540.6,190.0,2024-01-31T14:59:57.882410,215.0,598,216.04,45537.0
140,2024-01-31,2804,SLBSL,Samudayik Laghubitta Bittiya Sanstha Limited,864.9,864.9,818.3,847.7,65,54561.8,848.0,1233.9,578.2,2024-01-31T14:56:15.314273,847.7,7,839.41,1230.86
141,2024-01-31,2806,GHL,Ghalemdi Hydro Limited,195.8,195.8,185.1,185.2,39367,7427110.4,192.0,302.0,120.0,2024-01-31T14:59:45.691082,185.2,239,188.66,3055.8
142,2024-01-31,2807,ALBSL,Asha Laghubitta Bittiya Sanstha Ltd,716.0,725.0,684.0,700.0,2935,2032779.3,702.0,1089.0,543.0,2024-01-31T14:58:42.688307,700.0,84,692.59,4491.31
143,2024-01-31,2809,SHIVM,SHIVAM CEMENTS LTD,520.0,522.0,507.0,508.5,150850,77411437.9,517.0,680.0,389.8,2024-01-31T14:59:59.095974,508.5,615,513.16,25562.29
144,2024-01-31,2810,UPCL,UNIVERSAL POWER COMPANY LTD,251.9,252.9,238.0,239.0,275625,67422954.3,247.0,280.0,168.0,2024-01-31T14:59:57.362982,239.0,876,244.61,5449.03
145,2024-01-31,2811,MHNL,Mountain Hydro Nepal Limited,293.0,309.0,275.1,280.0,105620,29566615.1,288.0,355.0,169.0,2024-01-31T14:59:57.385234,280.0,326,279.93,3500.0
146,2024-01-31,2813,PPCL,Panchthar Power Compant Limited,280.9,280.9,262.4,266.0,39121,10507488.4,275.4,389.3,196.0,2024-01-31T14:59:50.493505,266.0,194,268.58,2560.25
147,2024-01-31,2815,GMFBS,Ganapati Laghubitta Bittiya Sanstha Limited,879.1,879.1,861.6,861.6,200,174070.0,897.0,922.0,641.0,2024-01-31T14:43:17.354882,861.6,3,870.35,1305.79
148,2024-01-31,2824,HURJA,Himalaya Urja Bikas Company Limited,310.0,332.1,307.0,315.0,196373,62266059.1,307.0,414.7,205.0,2024-01-31T14:59:59.927755,315.0,757,317.08,3118.5
149,2024-01-31,2826,GLBSL,Gurans Laghubitta Bittiya Sanstha Limited,869.5,869.5,839.0,841.0,904,769924.5,879.0,964.9,589.1,2024-01-31T14:59:16.248741,841.0,36,851.68,852.77
150,2024-01-31,2829,SMFBS,Swabhimaan Laghubitta Bittiya Sanstha Limited,916.3,916.3,881.0,881.0,967,860479.2,935.0,1535.0,717.4,2024-01-31T14:57:58.101937,881.0,22,889.84,1287.48
151,2024-01-31,2831,UNHPL,Union Hydropower Limited,264.1,264.1,245.1,249.0,179002,44997503.5,259.0,265.2,156.0,2024-01-31T14:59:57.211536,249.0,699,251.37,1867.5
152,2024-01-31,2832,ILBS,Infinity Laghubitta Bittiya Sanstha Limited,746.0,746.0,706.3,723.0,1599,1148232.7,732.0,1030.0,537.0,2024-01-31T14:58:48.690925,723.0,60,718.09,3596.32
153,2024-01-31,2834,SRD80,10% Sunrise Debenture 2080,982.2,982.2,982.2,982.2,25,24555.0,1000.0,1040.3,952.3,2024-01-31T13:51:24.788317,982.2,1,982.2,982.2
154,2024-01-31,2835,NBF2,NABIL BALANCED FUND-2,8.55,8.55,8.25,8.26,16825,139127.75,8.4,9.55,7.03,2024-01-31T14:22:44.129879,8.26,14,8.26,925.12
155,2024-01-31,2841,RHPL,RASUWAGADHI HYDROPOWER COMPANY LIMITED,307.0,313.0,301.0,302.0,41725,12720981.1,307.0,371.0,239.0,2024-01-31T14:59:40.728285,302.0,270,304.87,18596.83
156,2024-01-31,2842,SJCL,SANJEN JALAVIDHYUT COMPANY LIMITED,305.0,311.9,302.2,302.2,14570,4445563.3,306.2,359.0,232.1,2024-01-31T14:59:53.673718,302.2,178,305.11,9927.27
157,2024-01-31,2843,SABSL,Sabaiko Laghubitta Bittiya Sanstha Limited,656.8,656.8,620.0,625.1,780,490632.1,644.0,1007.0,522.6,2024-01-31T14:59:47.575863,625.1,34,629.01,1991.57
158,2024-01-31,2850,NMBD2085,10 % NMB DEBENTURE 2085,999.6,999.6,999.6,999.6,100,99960.0,980.0,1001.0,878.0,2024-01-31T12:23:54.811088,999.6,1,999.6,
159,2024-01-31,2859,SIGS2,Siddhartha Investment Growth Scheme - 2,8.2,8.2,8.2,8.2,5500,45100.0,8.05,9.6,6.92,2024-01-31T13:16:18.460407,8.2,4,8.2,984.0
160,2024-01-31,2860,SAPDBL,Saptakoshi Development Bank Ltd,264.6,265.3,251.0,258.5,26767,6888569.8,260.1,291.0,211.7,2024-01-31T14:59:50.416355,258.5,98,257.35,2156.77
161,2024-01-31,2862,CMF2,CITIZENS MUTUAL FUND 2,8.21,8.21,8.11,8.11,65095,533532.45,8.05,10.39,6.81,2024-01-31T14:25:35.224233,8.11,11,8.19,454.16
162,2024-01-31,2863,NICBF,NIC Asia Balanced Fund,8.45,8.6,8.45,8.6,14922,127729.2,8.62,10.31,7.99,2024-01-31T14:17:27.958854,8.6,5,8.55,649.3
163,2024-01-31,2866,MBLD2085,10.25% Machhapuchhre Bank Debenture 2085,991.1,991.1,991.1,991.1,25,24777.5,1009.6,1116.0,900.1,2024-01-31T13:18:45.250861,991.1,1,991.1,
164,2024-01-31,2867,NMB50,NMB 50,9.42,9.58,9.41,9.58,5730,54062.4,9.42,11.5,8.66,2024-01-31T14:29:52.803203,9.58,4,9.43,1197.5
165,2024-01-31,2873,HBLD83,10% Himalayan Bank Debenture 2083,971.0,971.0,971.0,971.0,25,24275.0,985.0,1083.0,971.0,2024-01-31T13:52:00.359849,971.0,1,971.0,
166,2024-01-31,2877,SFMF,Sunrise First Mutual Fund,9.9,9.9,9.9,9.9,2354,23304.6,9.9,11.67,8.8,2024-01-31T13:09:27.502609,9.9,2,9.9,851.4
167,2024-01-31,2878,SRBLD83,10.25% Sunrise Bank Debenture 2083,980.0,980.0,938.0,965.2,1633,1575572.3,989.0,1070.0,857.0,2024-01-31T14:46:08.428174,965.2,36,964.83,
168,2024-01-31,2880,HDHPC,Himal Dolakha Hydropower Company Limited,155.0,155.4,150.1,151.0,285546,43402315.7,153.5,255.9,116.0,2024-01-31T14:59:56.613626,151.0,788,151.99,4228.0
169,2024-01-31,2881,NRIC,Nepal Reinsurance Company Limited,826.0,849.0,800.2,816.1,239643,198948160.5,826.0,885.0,585.0,2024-01-31T14:59:59.391153,816.1,1525,830.18,104571.33
170,2024-01-31,2882,ICFCD83,12% ICFC Finance Limited Debenture 2083,1080.0,1080.0,1070.0,1070.0,275,296250.0,1080.0,1186.0,990.0,2024-01-31T13:53:29.147424,1070.0,2,1077.27,
171,2024-01-31,2883,GWFD83,12 % Goodwill Finance Limited Debenture 2083,1081.0,1081.0,1080.0,1080.0,1190,1286190.0,1096.5,1147.5,999.8,2024-01-31T13:28:45.407093,1080.0,4,1080.83,
172,2024-01-31,2885,KBLD86,10.25% KBL Debenture 2086,994.0,994.0,993.0,993.0,600,596150.0,993.4,1106.5,837.1,2024-01-31T14:28:07.729456,993.0,3,993.58,
173,2024-01-31,2886,ADBLD83,10.35% Agricultural Bank Debenture 2083,1004.0,1005.0,995.0,996.0,180,179700.0,1008.0,1144.0,865.1,2024-01-31T14:54:14.363456,996.0,4,998.33,
174,2024-01-31,2887,NICLBSL,NIC ASIA Laghubitta Bittiya Sanstha Limited,620.0,624.0,607.8,610.0,11267,6945805.2,620.0,788.7,516.0,2024-01-31T14:59:00.397579,610.0,140,616.47,10610.58
175,2024-01-31,2889,CIZBD86,10.25% Citizens Bank Debenture 2086,999.9,999.9,999.9,999.9,25,24997.5,995.0,1040.0,950.0,2024-01-31T11:40:36.568795,999.9,1,999.9,
176,2024-01-31,2890,SBIBD86,10% Nepal SBI Bank Debenture 2086,999.9,1000.0,999.9,1000.0,100,99997.5,998.3,1000.0,825.0,2024-01-31T14:51:37.235714,1000.0,3,999.97,
177,2024-01-31,2896,SMPDA,Sampada Laghubitta Bittiya Sanstha Limited,636.1,640.9,625.1,640.9,798,502855.5,647.9,924.9,519.2,2024-01-31T14:59:26.058494,640.9,27,630.14,2449.89
178,2024-01-31,2898,NRN,NRN Infrastructure and Development Limited,600.0,628.9,595.1,613.0,422853,260172364.4,592.0,641.0,280.6,2024-01-31T14:59:58.315125,613.0,1644,615.27,7498.29
179,2024-01-31,2902,LUK,Laxmi Unnati Kosh,8.23,8.3,8.21,8.3,1200,9876.0,8.34,9.61,7.49,2024-01-31T14:59:22.995725,8.3,5,8.23,541.68
180,2024-01-31,2903,LEC,Liberty Energy Company Limited,225.0,228.2,212.8,215.0,183725,39992170.0,223.9,303.0,138.0,2024-01-31T14:59:42.541267,215.0,642,217.67,3225.0
181,2024-01-31,2904,PBLD84,10% Prabhu Bank Debenture 2084 ,983.2,983.2,983.2,983.2,10,9832.0,964.0,1090.8,851.0,2024-01-31T14:59:11.839651,983.2,1,983.2,
182,2024-01-31,2907,SSHL,Shiva Shree Hydropower Ltd,195.6,195.6,182.5,184.5,139112,26143399.8,191.8,272.8,133.0,2024-01-31T14:59:17.270730,184.5,516,187.93,2723.96
183,2024-01-31,2908,SGIC,Sanima GIC Insurance Limited,534.0,538.0,523.5,530.0,55161,29236848.8,534.0,710.9,412.2,2024-01-31T14:59:59.925997,530.0,347,530.02,10600.0
184,2024-01-31,2913,MEN,Mountain Energy Nepal Limited,631.0,636.0,621.3,623.0,37823,23795534.1,634.5,1092.0,429.9,2024-01-31T14:59:52.336237,623.0,295,629.12,12260.81
185,2024-01-31,2914,UMRH,United IDI Mardi RB Hydropower Limited.,414.9,415.9,393.0,398.9,95425,38557186.2,408.0,583.5,261.3,2024-01-31T14:59:52.245386,398.9,332,404.05,1675.38
186,2024-01-31,2915,PMLI,Prabhu Mahalaxmi Life Insurance Limited,550.0,554.0,531.0,538.0,11111,6029756.0,554.0,660.0,372.0,2024-01-31T14:59:59.050232,538.0,271,542.68,23112.48
187,2024-01-31,2917,CGH,Chandragiri Hills Limited,1019.0,1035.0,960.0,960.0,44614,43942113.1,1005.5,1520.0,796.2,2024-01-31T14:59:53.623615,960.0,626,984.93,14727.27
188,2024-01-31,2919,NIFRA,Nepal Infrastructure Bank Limited,228.9,237.9,226.5,227.0,332401,77286097.2,233.3,253.0,180.2,2024-01-31T14:59:54.801166,227.0,1177,232.5,49032.0
189,2024-01-31,2923,SLCF,Sanima Large Cap Fund,8.03,8.03,7.93,8.0,3000,23917.0,8.05,9.01,6.87,2024-01-31T14:45:31.348359,8.0,11,7.97,960.0
190,2024-01-31,2924,GLH,GreenLife Hydropower Limited,277.0,278.4,258.1,262.0,32831,8725009.9,273.0,350.0,194.6,2024-01-31T14:59:59.266472,262.0,290,265.75,4716.0
191,2024-01-31,2925,MLBSL,Mahila Lagubitta Bittiya Sanstha Limited ,1780.0,1790.0,1718.0,1761.0,1285,2235089.0,1780.0,4233.0,1535.0,2024-01-31T14:59:11.302935,1761.0,57,1739.36,3831.28
192,2024-01-31,2931,NIBD84,8.5% Nepal Investment Bank Debenture 2084,865.0,865.0,865.0,865.0,100,86500.0,865.0,879.0,753.4,2024-01-31T12:06:39.302099,865.0,1,865.0,
193,2024-01-31,2933,KEF,Kumari Equity Fund,8.15,8.4,8.15,8.39,7250,60030.0,8.28,10.35,6.91,2024-01-31T14:59:24.152197,8.39,31,8.28,839.0
194,2024-01-31,2934,SHEL,Singati Hydro Energy Limited,268.0,275.0,260.0,260.0,47981,12949731.6,263.0,358.2,193.2,2024-01-31T14:59:50.578811,260.0,512,269.89,7540.0
195,2024-01-31,2935,RURU,Ru Ru Jalbidhyut Pariyojana Limited,715.1,723.9,712.0,723.9,1419,1014162.7,726.0,842.0,674.3,2024-01-31T14:58:01.186544,723.9,26,714.7,3571.17
196,2024-01-31,2936,NCCD86,9.5% NCC Debenture 2086,900.0,909.9,900.0,909.9,45,40698.0,900.0,1084.0,823.2,2024-01-31T11:41:02.555534,909.9,2,904.4,
197,2024-01-31,2937,SBCF,Sunrise Bluechip Fund,7.8,7.96,7.74,7.81,23350,185371.0,7.95,9.68,6.9,2024-01-31T14:58:27.600641,7.81,20,7.93,976.25
198,2024-01-31,3946,CHDC,CEDB Hydropower Development Company Limited,998.0,1000.0,970.0,988.0,8916,8781684.5,1000.0,1217.2,681.2,2024-01-31T14:59:49.827972,988.0,199,984.93,8293.37
199,2024-01-31,4947,PSF,Prabhu Select Fund,8.51,8.62,8.51,8.62,51450,442516.0,8.67,9.79,7.15,2024-01-31T14:55:05.806717,8.62,30,8.6,1077.5
200,2024-01-31,4949,NIBSF2,NIBL Samriddhi Fund -2,7.25,7.26,7.25,7.25,28600,207524.75,7.35,9.49,6.6,2024-01-31T14:48:29.355875,7.25,19,7.25,1087.5
201,2024-01-31,4951,JBLB,Jeevan Bikas Laghubitta  Bittya Sanstha Ltd,1350.0,1355.0,1330.0,1339.9,2146,2865424.6,1348.0,2860.0,1215.0,2024-01-31T14:59:56.066299,1339.9,101,1335.23,18055.41
202,2024-01-31,4955,MKLB,Manakamana Smart Laghubitta Bittiya Sanstha Limited,700.0,714.0,695.8,695.8,1224,861224.9,702.0,892.3,526.2,2024-01-31T14:59:12.046624,695.8,46,703.61,1033.11
203,2024-01-31,4959,NBLD87,8.5% Nepal Bank Debenture 2087,830.0,830.0,830.0,830.0,25,20750.0,835.1,872.1,717.1,2024-01-31T14:49:52.794302,830.0,1,830.0,
204,2024-01-31,4965,SAMAJ,Samaj Laghubittya Bittiya Sanstha Limited,528.2,549.4,528.2,549.4,47,25536.1,528.2,549.4,64.8,2024-01-31T14:54:00.196508,549.4,6,543.32,125.54
205,2024-01-31,4967,NICSF,NIC Asia Select Fund 30,8.83,9.18,8.83,8.92,69960,623129.2,9.0,9.49,7.4,2024-01-31T14:28:06.447797,8.92,13,8.9,1115.0
206,2024-01-31,4968,RMF1,RBB Mutual Fund 1,7.98,8.16,7.98,8.16,235076,1898914.6,7.96,8.5,6.82,2024-01-31T14:49:07.173389,8.16,20,8.07,1020.0
207,2024-01-31,5982,SRLI,Sanima Reliance Life Insurance Limited,453.0,467.0,453.0,454.0,30449,14005794.7,462.0,619.9,388.1,2024-01-31T14:59:46.773847,454.0,449,459.97,18995.36
208,2024-01-31,6984,PBD85,8.75 % Prime Debenture 2085,851.0,851.0,851.0,851.0,10,8510.0,851.0,877.0,759.0,2024-01-31T14:55:50.448397,851.0,1,851.0,
209,2024-01-31,6985,SDBD87,Shangri-la Development Bank Debenture 2087,845.0,850.0,845.0,850.0,55,46600.0,853.7,910.0,745.0,2024-01-31T14:59:14.816492,850.0,2,847.27,
210,2024-01-31,8004,GBILD86/87,Global IME Bank Limited Debenture 2086/87,835.6,835.6,835.6,835.6,35,29246.0,819.3,893.0,730.0,2024-01-31T14:48:04.125129,835.6,1,835.6,
211,2024-01-31,8005,MKJC,Mailung Khola Jal Vidhyut Company Limited,483.0,483.1,461.7,465.9,5986,2812893.5,482.0,511.9,293.2,2024-01-31T14:55:21.621543,465.9,83,469.91,1715.18
212,2024-01-31,8018,MLBS,Manushi Laghubitta Bittiya Sanstha Limited,726.0,726.0,701.3,720.0,1520,1077185.2,712.0,1040.0,570.1,2024-01-31T14:59:55.671617,720.0,43,708.67,787.5
213,2024-01-31,8020,JBBD87,Jyoti Bikash Bank Bond 2087,830.0,835.0,830.0,835.0,300,250000.0,835.0,1000.0,805.0,2024-01-31T14:15:00.603205,835.0,3,833.33,
214,2024-01-31,8021,SAHAS,Sahas Urja Limited,556.0,576.0,556.0,563.1,31592,17859530.9,566.1,610.0,402.8,2024-01-31T14:59:56.516491,563.1,487,565.31,19708.5
215,2024-01-31,8022,TPC,Terhathum Power Company Limited,588.0,588.0,555.0,565.0,13371,7514969.2,578.9,723.0,301.2,2024-01-31T14:59:56.984632,565.0,161,562.03,2260.0
216,2024-01-31,8023,MMF1,Mega Mutual Fund -1,7.45,7.7,7.19,7.21,96938,722821.7,7.6,8.29,6.65,2024-01-31T14:47:07.015939,7.21,80,7.45,901.25
217,2024-01-31,8024,NBF3,Nabil Balanced Fund-3,7.27,7.5,7.27,7.4,19256,142727.4,7.4,8.1,6.74,2024-01-31T14:58:23.017566,7.4,44,7.41,925.0
218,2024-01-31,8025,SPC,Samling Power Company Limited,627.0,690.0,600.0,690.0,29013,18026548.9,628.0,690.0,307.8,2024-01-31T14:59:57.870534,690.0,309,621.32,3450.0
219,2024-01-31,8026,NYADI,Nyadi Hydropower Limited,285.0,293.7,280.0,282.1,9500,2700831.4,288.0,372.3,176.4,2024-01-31T14:59:59.863663,282.1,164,284.29,4231.5
220,2024-01-31,8027,NBLD85,Nabil Debenture 2085,840.0,840.0,840.0,840.0,70,58800.0,840.0,899.0,730.1,2024-01-31T14:59:13.775278,840.0,3,840.0,
221,2024-01-31,8031,MBJC,Madhya Bhotekoshi Jalavidyut Company Limited,325.5,332.0,318.9,320.0,70081,22805547.2,325.5,376.3,246.0,2024-01-31T14:59:53.394503,320.0,714,325.41,19200.0
222,2024-01-31,8032,BNHC,Buddha Bhumi Nepal Hydropower Company Limited,410.0,422.2,393.0,399.0,6708,2720550.9,414.0,461.0,270.1,2024-01-31T14:59:20.111880,399.0,184,405.56,1596.0
223,2024-01-31,8033,GBBD85,Garima Debenture 2085,858.0,880.0,856.0,880.0,205,178358.3,870.0,1000.0,744.1,2024-01-31T14:54:25.654519,880.0,8,870.04,
224,2024-01-31,8034,ENL,Emerging Nepal Limited,820.0,835.0,818.0,828.0,3155,2585076.0,835.0,1060.0,572.0,2024-01-31T14:55:11.842091,828.0,51,819.35,4600.37
225,2024-01-31,8038,JALPA,Jalpa Samudayik Laghubitta Bittiya Sanstha Limited,1147.0,1165.0,1126.3,1152.0,2383,2717385.9,1170.0,3410.0,920.0,2024-01-31T14:59:59.776165,1152.0,99,1140.32,2105.86
226,2024-01-31,8041,NESDO,NESDO Sambridha Laghubitta Bittiya Sanstha Limited,1650.0,1679.0,1631.0,1631.0,2367,3925977.0,1657.0,3418.0,1418.0,2024-01-31T14:56:43.317928,1631.0,59,1658.62,4159.05
227,2024-01-31,8043,CBLD88,Civil Bank Debenture 2088,972.0,989.0,972.0,989.0,240,236562.5,991.0,1024.0,813.0,2024-01-31T14:40:23.158470,989.0,4,985.67,
228,2024-01-31,8044,EBLD86,Everest Bank Limited,835.0,835.1,835.0,835.0,75,62627.0,836.4,874.0,730.0,2024-01-31T14:52:09.475810,835.1,4,835.02,
229,2024-01-31,8045,GVL,Green Ventures Limited,448.0,481.6,448.0,454.0,17672,8095830.1,454.0,499.5,299.9,2024-01-31T14:59:57.381790,454.0,310,458.11,14187.5
230,2024-01-31,8055,BHL,Balephi Hydropower Limited,320.0,325.5,306.0,309.0,13197,4148359.2,320.0,394.7,192.7,2024-01-31T14:59:59.388048,309.0,215,314.34,5648.43
231,2024-01-31,8063,ULBSL,Upakar Laghubitta Bittiya Sanstha Limited,1123.0,1155.0,1120.0,1133.0,381,431506.6,1145.9,3859.0,944.8,2024-01-31T14:59:58.752448,1133.0,26,1132.56,1202.66
232,2024-01-31,8065,CYCL,CYC Nepal Laghubitta Bittiya Sanstha Limited,1128.0,1170.0,1120.0,1125.0,4792,5441275.6,1151.0,1910.0,882.0,2024-01-31T14:59:40.892504,1125.0,156,1135.49,2997.27
233,2024-01-31,8066,RFPL,River Falls Power Limited,320.0,349.0,313.3,319.9,147824,47108489.9,319.8,349.0,193.8,2024-01-31T14:59:59.053640,319.9,650,318.67,2239.3
234,2024-01-31,8068,CCBD88,Century Debenture 2088,967.4,981.0,967.4,980.0,95,93028.5,967.4,1022.9,816.0,2024-01-31T14:04:52.038085,980.0,6,979.24,
235,2024-01-31,8070,DORDI,Dordi Khola Jal Bidyut Company Limited,392.1,407.0,388.2,396.9,37403,14780878.4,400.1,442.0,191.6,2024-01-31T14:59:58.159297,396.9,395,395.17,4184.36
236,2024-01-31,8073,NICFC,NIC Asia Flexi CAP Fund,8.73,8.8,8.58,8.8,4600,40152.0,8.9,10.17,7.45,2024-01-31T14:58:27.325460,8.8,38,8.72,89.76
237,2024-01-31,8074,KDBY,Kumari Dhanabriddhi Yojana,8.91,9.02,8.76,8.87,46550,417165.5,9.09,10.07,7.24,2024-01-31T14:54:00.898132,8.87,81,8.96,35.48
238,2024-01-31,8075,BHDC,Bindhyabasini Hydropower Development Company Limited,475.3,486.0,466.0,482.0,8678,4158578.7,483.0,514.2,286.5,2024-01-31T14:58:03.348787,482.0,152,479.2,5061.0
239,2024-01-31,8076,HHL,Himalayan Hydropower Limited,344.5,349.8,323.6,327.0,38053,12783886.0,343.0,387.0,170.3,2024-01-31T14:59:49.618576,327.0,378,335.94,3580.65
240,2024-01-31,8097,PBD88,10% Prime Debenture 2088,990.0,1000.0,990.0,1000.0,600,595568.5,972.0,1013.0,790.1,2024-01-31T14:51:17.039898,1000.0,15,992.61,
241,2024-01-31,8099,UHEWA,Upper Hewakhola Hydropower Company Limited,356.0,360.5,340.0,345.9,10950,3812749.5,356.0,479.4,250.8,2024-01-31T14:59:58.603450,345.9,163,348.19,1729.5
242,2024-01-31,8100,SGHC,Swet-Ganga Hydropower & Construction Limited ,331.0,335.0,323.5,323.5,14800,4834154.7,331.0,410.0,205.1,2024-01-31T14:58:41.517982,323.5,219,326.63,5153.35
243,2024-01-31,8102,MHL,Mandakini Hydropower Limited,420.0,465.0,420.0,465.0,125529,56299437.9,424.0,478.0,242.1,2024-01-31T14:59:57.792524,465.0,883,448.49,2864.25
244,2024-01-31,8104,USHEC,Upper Solu Hydro Electric Company Limited,383.0,385.0,363.6,366.0,40061,14861282.2,377.0,396.0,208.2,2024-01-31T14:59:55.232526,366.0,343,370.96,4941.0
245,2024-01-31,8106,GIBF1,Global IME Balanced Fund-1,8.24,8.58,8.15,8.58,93900,795908.0,8.4,9.7,7.2,2024-01-31T14:59:50.305145,8.58,37,8.47,880.11
246,2024-01-31,8108,RHGCL,Rapti Hydro And General Construction Limited,290.0,296.7,281.0,283.0,43613,12626432.9,292.0,406.0,184.5,2024-01-31T14:59:55.193339,283.0,327,289.51,1734.21
247,2024-01-31,8110,SBID83,10.25% Nepal SBI Bank Debenture 2083,981.0,981.0,980.0,978.0,1075,1054540.0,1000.0,1038.0,851.0,2024-01-31T13:44:48.922969,980.0,4,980.96,
248,2024-01-31,8111,HIDCLP,Hydorelectricity Investment and Development Company Limited Promoter,104.0,104.0,101.0,101.5,51544,5255119.4,102.5,118.0,96.6,2024-01-31T14:59:43.131278,101.5,96,101.95,10.15
249,2024-01-31,8117,AVYAN,Aviyan Laghubitta Bittiya Sanstha Limited,612.0,616.0,604.0,606.0,3325,2026622.1,614.0,807.8,549.0,2024-01-31T14:59:44.094103,606.0,121,609.51,1515.0
250,2024-01-31,8121,SPHL,Sayapatri Hydropower Limited,481.8,491.5,463.5,468.1,5806,2749400.7,481.9,598.0,294.0,2024-01-31T14:59:34.546575,468.1,107,473.54,1404.3
251,2024-01-31,8122,PPL,People's Power Limited,326.0,351.0,318.7,351.0,70874,23094256.8,326.0,362.1,198.1,2024-01-31T14:59:58.913956,351.0,465,325.84,2220.43
252,2024-01-31,8123,DLBS,Dhaulagiri Laghubitta Bittiya Sanstha Limited,808.0,808.1,790.0,791.0,2351,1877606.0,819.0,1350.0,579.0,2024-01-31T14:59:56.723247,791.0,61,798.64,1052.82
253,2024-01-31,8125,NSIF2,NMB Sulav Investment Fund - 2,9.1,9.15,9.1,9.15,900,8210.0,9.28,10.0,7.31,2024-01-31T14:34:23.519118,9.15,8,9.12,1117.21
254,2024-01-31,8126,SIKLES,Sikles Hydropower Limited,529.0,530.0,511.0,517.0,17972,9274126.0,521.0,531.0,315.0,2024-01-31T14:59:47.148376,517.0,150,516.03,4394.5
255,2024-01-31,8127,KBLD89,11% KBL Debenture 2089,1025.0,1025.0,1025.0,1025.0,100,102500.0,1045.1,1098.0,1000.0,2024-01-31T13:09:23.589202,1025.0,2,1025.0,
256,2024-01-31,8131,EHPL,Eastern Hydropower Limited,440.2,455.0,428.0,430.0,15281,6658604.6,449.0,508.0,273.0,2024-01-31T14:59:56.230617,430.0,149,435.74,2666.0
257,2024-01-31,8132,SHLB,Shrijanshil Laghubitta Bittiya Sanstha Limited,943.9,962.0,932.0,958.0,1800,1697584.0,963.0,2330.0,778.0,2024-01-31T14:59:59.237920,958.0,58,943.1,1047.81
258,2024-01-31,8133,PHCL,Peoples Hydropower Company Limited,333.0,357.0,330.0,344.1,199276,67237196.6,328.0,405.0,216.0,2024-01-31T14:59:54.416533,344.1,1303,337.4,11011.2
259,2024-01-31,9135,BHPL,Barahi Hydropower Public Limited,481.0,500.0,475.0,484.0,6650,3219274.5,490.0,677.2,304.1,2024-01-31T14:59:37.807302,484.0,119,484.1,1210.0
260,2024-01-31,9138,NIBLGF,NIBL Growth Fund,8.17,8.31,8.15,8.31,7400,60452.5,8.31,10.64,7.19,2024-01-31T14:48:37.730985,8.31,13,8.16,1096.92
261,2024-01-31,9139,SAGF,Sanima Growth Fund,8.91,9.05,8.9,8.91,5450,48662.5,8.89,10.0,7.2,2024-01-31T14:52:01.496536,8.91,23,8.92,599.23
262,2024-01-31,9140,UNLB,Unique Nepal Laghubitta Bittiya Sanstha Limited,1119.0,1132.0,1097.6,1101.0,1685,1872276.1,1120.0,2135.1,922.0,2024-01-31T14:58:54.894703,1101.0,58,1111.14,1635.81
263,2024-01-31,9146,SMHL,Super Madi Hydropower Limited,466.6,489.8,466.6,474.0,73003,35087441.6,473.0,506.0,299.0,2024-01-31T14:59:56.626200,474.0,503,480.63,9954.0
264,2024-01-31,9147,SPL,Shuvam Power Limited,739.5,739.5,695.0,699.0,4050,2884777.5,725.0,1073.3,265.0,2024-01-31T14:59:49.492832,699.0,102,712.29,1398.0
265,2024-01-31,9148,SMH,Super Mai Hydropower Limited,610.5,636.0,597.0,611.0,12089,7497123.0,622.6,650.0,391.0,2024-01-31T14:59:49.406005,611.0,136,620.16,3055.0
266,2024-01-31,9149,MKHC,Maya Khola Hydropower Company Limited,287.8,293.8,275.0,277.0,33138,9409450.0,287.8,367.5,174.4,2024-01-31T14:59:48.202741,277.0,329,283.94,2770.0
267,2024-01-31,9150,AHL,Asian Hydropower Limited,442.0,454.0,424.9,425.3,12349,5398959.2,436.1,480.9,273.1,2024-01-31T14:59:52.929484,425.3,255,437.19,1446.02
268,2024-01-31,9151,KDL,Kalinchowk Darshan Limited,833.0,849.9,828.9,832.0,5200,4353969.0,849.8,1102.0,134.4,2024-01-31T14:59:59.260129,832.0,105,837.3,4992.0
269,2024-01-31,9154,SFEF,Sunrise Focused Equity Fund,8.0,8.16,8.0,8.16,8000,65048.0,8.0,10.0,7.35,2024-01-31T14:57:34.782991,8.16,11,8.13,816.0
270,2024-01-31,9156,TAMOR,Sanima Middle Tamor Hydropower Limited,413.0,422.0,400.1,403.1,44352,18181334.9,414.0,454.0,230.1,2024-01-31T14:59:53.114742,403.1,667,409.93,13433.31
271,2024-01-31,9158,MHCL,Molung Hydropower Company Limited,484.2,499.9,469.0,474.7,55550,26643384.2,494.0,570.0,141.0,2024-01-31T14:59:59.866703,474.7,499,479.62,3809.47
272,2024-01-31,9159,SMJC,Sagarmatha Jalabidhyut Company Limited,379.4,388.6,370.0,376.0,180392,68357400.9,372.0,403.0,215.0,2024-01-31T14:59:58.685486,376.0,1032,378.93,4211.2
273,2024-01-31,9161,ANLB,Aatmanirbhar Laghubitta Bittiya Sanstha Limited,1833.0,1910.0,1810.0,1860.0,1212,2284071.0,1870.0,2651.0,403.8,2024-01-31T14:38:51.917284,1860.0,56,1884.54,1275.44
274,2024-01-31,9163,BPW,BPW Laghubitta Bittiya Sanstha Limited,1434.1,1434.1,1406.0,1406.0,727,1024427.0,1406.0,1718.0,233.1,2024-01-31T14:58:45.303699,1406.0,28,1409.11,421.8
275,2024-01-31,9166,MAKAR,Makar Jitumaya Suri Hydropower Limited,438.0,438.5,423.0,430.0,50071,21468114.6,429.9,438.5,213.1,2024-01-31T14:59:57.875412,430.0,541,428.75,3268.0
276,2024-01-31,9167,MKHL,Mai Khola Hydropower Limited,376.0,376.0,356.1,360.9,29597,10729308.7,369.0,395.0,224.0,2024-01-31T14:59:46.496683,360.9,303,362.51,1415.29
277,2024-01-31,9170,DOLTI,Dolti Power Company Limited,342.1,361.0,337.0,338.0,30363,10510978.1,349.0,381.4,177.4,2024-01-31T14:59:57.127340,338.0,311,346.17,1813.32
278,2024-01-31,9171,BEDC,Bhugol Energy Development Company Limited,370.0,380.0,345.3,354.0,40295,14775064.0,367.7,388.0,170.0,2024-01-31T14:59:59.888429,354.0,512,366.67,1925.95
279,2024-01-31,9173,CITY,City Hotel Limited,671.0,690.0,665.0,666.0,66196,44724543.9,659.5,782.5,111.1,2024-01-31T14:59:55.178765,666.0,604,675.63,11148.84
280,2024-01-31,9174,PRSF,Prabhu Smart Fund,8.62,8.79,8.62,8.79,1700,14883.0,8.6,10.06,7.45,2024-01-31T14:59:20.365990,8.79,7,8.75,879.0
281,2024-01-31,9175,MCHL,Menchhiyam Hydropower Limited,330.0,334.0,309.7,309.7,17882,5740321.8,329.0,360.0,165.2,2024-01-31T14:59:58.329620,309.7,243,321.01,1680.38
282,2024-01-31,9176,IHL,Ingwa Hydropower Limited,331.0,343.1,324.0,332.0,51603,17307166.3,329.9,353.0,200.2,2024-01-31T14:59:33.780197,332.0,445,335.39,1992.0
283,2024-01-31,9178,RMF2,RBB Mutual Fund 2,8.26,8.37,8.26,8.37,1550,12948.5,8.35,10.64,7.23,2024-01-31T14:58:58.718534,8.37,7,8.35,708.2
284,2024-01-31,9179,MEL,Modi Energy Limited,236.5,241.5,229.5,231.0,64527,15163631.9,238.5,275.4,149.0,2024-01-31T14:59:58.244558,231.0,905,234.99,6699.0
285,2024-01-31,9181,RAWA,Rawa Energy Development Limited,504.9,544.5,504.9,520.0,51302,26881957.7,495.0,544.5,249.3,2024-01-31T14:59:58.163311,520.0,604,523.99,1456.0
286,2024-01-31,9182,SIGS3,Siddhartha Investment Growth Scheme 3,10.0,10.0,10.0,10.0,100,1000.0,10.0,10.0,10.0,2024-01-31T10:45:00.007649,10.0,1,10.0,805.8
287,2024-01-31,9183,NRM,Nepal Republic Media Limited,400.0,406.0,384.3,389.0,97145,38138298.0,400.8,492.5,205.9,2024-01-31T14:59:58.486904,389.0,905,392.59,3763.57
288,2024-01-31,9184,ILI,IME Life Insurance Company Limited,554.0,559.9,543.0,547.0,52423,28751698.0,554.0,640.6,444.0,2024-01-31T14:59:48.210941,547.0,1260,548.45,21880.0
289,2024-01-31,9191,C30MF,Citizens Super 30 Mutual Fund,8.6,8.77,8.6,8.77,600,5211.0,8.48,10.0,7.61,2024-01-31T13:56:48.369913,8.77,4,8.68,658.38
290,2024-01-31,9192,USHL,Upper Syange Hydropower Limited,565.0,565.0,520.0,534.0,17198,9126036.8,563.0,597.0,253.6,2024-01-31T14:59:59.644214,534.0,204,530.64,1174.8
291,2024-01-31,9193,GCIL,Ghorahi Cement Industry Limited,515.0,525.0,503.8,507.0,46576,23882109.8,520.0,614.0,363.1,2024-01-31T14:59:57.369384,507.0,758,512.75,23158.17
292,2024-01-31,9194,TSHL,Three Star Hydropower Limited,557.0,574.5,550.0,554.0,15734,8822365.0,568.0,655.0,227.7,2024-01-31T14:59:58.232427,554.0,233,560.71,2728.45
293,2024-01-31,9196,KBSH,Kutheli Bukhari Small Hydropower Limited,885.0,888.0,855.0,855.0,995,857210.0,876.0,969.0,479.0,2024-01-31T14:55:10.626715,855.0,22,861.51,1041.97
294,2024-01-31,9198,LVF2,Laxmi Value Fund 2,7.94,8.15,7.94,8.05,2300,18469.0,8.1,10.0,7.09,2024-01-31T14:59:14.163348,8.05,19,8.03,644.0
295,2024-01-31,9199,RNLI,Reliable Nepal Life Insurance Limited,479.0,482.0,465.0,469.0,72717,34417434.8,479.7,612.0,390.0,2024-01-31T14:59:59.287035,469.0,1379,473.3,21761.6
296,2024-01-31,9201,SNLI,Sun Nepal Life Insurance Company Limited,603.0,608.0,592.0,592.2,65124,38911259.5,604.0,625.0,396.1,2024-01-31T14:59:58.441725,592.2,1360,597.49,18950.4
297,2024-01-31,9203,MEHL,Manakamana Engineering Hydropower Limited,305.2,311.2,278.0,299.0,38390,11396221.5,305.2,334.6,175.0,2024-01-31T14:59:56.460698,299.0,534,296.85,2392.0
298,2024-01-31,9208,ULHC,Upper Lohore Khola Hydropower Company Limited,322.8,329.0,307.1,312.8,26692,8437630.2,322.8,339.9,217.1,2024-01-31T14:59:51.003717,312.8,471,316.11,1594.67
299,2024-01-31,9209,CLI,Citizen Life Insurance Company Limited,465.0,465.0,451.0,452.8,56929,26001651.3,456.0,567.0,375.0,2024-01-31T14:59:59.638336,452.8,1416,456.73,17829.0
300,2024-01-31,9211,SBID89,9% Nepal SBI Bank Rinpatra 2089,971.8,971.8,971.8,964.9,3,2894.7,971.8,1000.0,838.0,2024-01-31T13:43:46.111799,971.8,2,964.9,
301,2024-01-31,9212,MANDU,Mandu Hydropower Limited,700.0,721.0,696.0,696.0,15063,10569504.0,707.0,805.8,373.2,2024-01-31T14:59:39.661106,696.0,235,701.68,9490.91
302,2024-01-31,9213,HATHY,Hathway Investment Nepal Limited,990.0,990.0,945.0,950.4,121815,117440159.5,975.0,1123.0,279.5,2024-01-31T14:59:59.374145,950.4,809,964.08,24463.3
303,2024-01-31,9214,BGWT,Bhagawati Hydropower Development Company Limited,612.0,620.0,590.0,620.0,28262,17091142.9,612.0,620.0,352.0,2024-01-31T14:59:55.348091,620.0,342,604.73,3546.8
304,2024-01-31,9215,MSHL,Mid Solu Hydropower Limited,748.0,759.0,705.0,759.0,22719,16392136.2,763.0,832.5,294.2,2024-01-31T14:59:56.142160,759.0,481,721.51,5680.36
305,2024-01-31,9216,SONA,Sonapur Minerals And Oil Limited,485.0,489.5,467.8,472.0,141737,67562957.4,483.1,575.0,230.0,2024-01-31T14:59:59.229134,472.0,2175,476.67,14514.24
306,2024-01-31,9217,MMKJL,Mathillo Mailun Khola Jalvidhyut Limited,435.0,439.0,416.0,420.0,22973,9760887.6,440.0,459.0,225.0,2024-01-31T14:59:56.033983,420.0,416,424.88,4200.0
307,2024-01-31,9218,TVCL,Trishuli Jal Vidhyut Company Limited ,572.1,590.0,559.0,570.0,25736,14555145.0,582.0,630.8,268.0,2024-01-31T14:59:59.173836,570.0,337,565.55,10559.25
308,2024-01-31,9221,H8020,Himalayan 80-20,8.6,8.87,8.6,8.87,4050,35388.5,8.7,10.1,8.56,2024-01-31T14:59:35.501348,8.87,25,8.73,88.7
309,2024-01-31,9225,VLUCL,Vision Lumbini Urja Company Limited ,527.0,532.0,504.7,509.0,37216,19242817.2,527.0,608.0,365.3,2024-01-31T14:59:58.320711,509.0,884,517.05,9734.63
310,2024-01-31,9230,MKCL,Muktinath Krishi Company Limited,991.6,998.0,945.0,952.0,31185,29838461.0,984.8,1319.5,178.8,2024-01-31T14:59:56.196891,952.0,721,956.82,6664.0
311,2024-01-31,9232,CKHL,Chirkhwa Hydropower Limited ,514.5,530.0,506.0,510.0,9836,5097750.7,524.5,595.0,300.0,2024-01-31T14:59:57.669265,510.0,339,518.27,2040.0
312,2024-01-31,9233,NWCL,Nepal Warehousing Company Limited ,839.0,850.0,798.0,836.0,56229,46741084.0,856.0,996.0,208.8,2024-01-31T14:59:59.940697,836.0,2168,831.26,5747.5
313,2024-01-31,9234,HRL,Himalayan Reinsurance Limited,723.0,728.0,698.0,714.6,889868,638782691.5,709.6,728.0,309.2,2024-01-31T14:59:59.234191,714.6,16262,717.83,71460.0
